-- phpMyAdmin SQL Dump
-- version 4.4.13.1
-- http://www.phpmyadmin.net
--
-- Host: localhost
-- Generation Time: Feb 21, 2019 at 04:23 PM
-- Server version: 10.0.21-MariaDB
-- PHP Version: 5.6.14

SET SQL_MODE = "NO_AUTO_VALUE_ON_ZERO";
SET time_zone = "+00:00";


/*!40101 SET @OLD_CHARACTER_SET_CLIENT=@@CHARACTER_SET_CLIENT */;
/*!40101 SET @OLD_CHARACTER_SET_RESULTS=@@CHARACTER_SET_RESULTS */;
/*!40101 SET @OLD_COLLATION_CONNECTION=@@COLLATION_CONNECTION */;
/*!40101 SET NAMES utf8mb4 */;

--
-- Database: `db_k1736700`
--

-- --------------------------------------------------------

--
-- Table structure for table `Booking`
--

CREATE TABLE IF NOT EXISTS `Booking` (
  `id` int(11) NOT NULL,
  `customerId` int(11) NOT NULL,
  `dateCreated` date NOT NULL,
  `bookingStatusid` int(11) NOT NULL
) ENGINE=InnoDB AUTO_INCREMENT=226 DEFAULT CHARSET=latin1;

--
-- Dumping data for table `Booking`
--

INSERT INTO `Booking` (`id`, `customerId`, `dateCreated`, `bookingStatusid`) VALUES
(217, 2, '2019-02-20', 1),
(218, 2, '2019-02-20', 1),
(219, 2, '2019-02-20', 1),
(220, 2, '2019-02-20', 1),
(221, 2, '2019-02-21', 1),
(222, 2, '2019-02-21', 1),
(223, 2, '2019-02-21', 1),
(224, 2, '2019-02-21', 1),
(225, 11, '2019-02-21', 1);

-- --------------------------------------------------------

--
-- Table structure for table `BookingItem`
--

CREATE TABLE IF NOT EXISTS `BookingItem` (
  `id` int(11) NOT NULL,
  `bookingId` int(11) NOT NULL,
  `placeFrom` varchar(255) NOT NULL,
  `placeTo` varchar(255) NOT NULL,
  `dateFrom` date NOT NULL,
  `dateTo` date NOT NULL,
  `dateCreated` date NOT NULL,
  `passengerNo` int(4) NOT NULL,
  `isSelfDriving` tinyint(1) NOT NULL,
  `preferredDriver` varchar(50) DEFAULT NULL,
  `vehicleId` int(11) DEFAULT NULL,
  `dailyRate` decimal(10,2) NOT NULL,
  `totalRate` decimal(10,2) NOT NULL
) ENGINE=InnoDB AUTO_INCREMENT=34 DEFAULT CHARSET=latin1;

--
-- Dumping data for table `BookingItem`
--

INSERT INTO `BookingItem` (`id`, `bookingId`, `placeFrom`, `placeTo`, `dateFrom`, `dateTo`, `dateCreated`, `passengerNo`, `isSelfDriving`, `preferredDriver`, `vehicleId`, `dailyRate`, `totalRate`) VALUES
(23, 217, '', '', '2019-02-20', '2019-02-28', '2019-02-20', 1, 1, '', 37, '124.00', '1116.00'),
(24, 218, '', '', '2019-02-20', '2019-02-20', '2019-02-20', 1, 1, '', 68, '90.00', '90.00'),
(27, 220, '', '', '2019-02-20', '2019-02-22', '2019-02-20', 1, 1, '', 64, '124.00', '372.00'),
(30, 223, '', '', '2019-02-22', '2019-05-31', '2019-02-21', 8, 1, '', 41, '160.00', '15840.00'),
(31, 224, '', '', '2019-03-01', '2019-03-30', '2019-02-21', 8, 1, '', 49, '120.00', '3600.00'),
(33, 225, '', '', '2019-02-21', '2019-02-21', '2019-02-21', 7, 1, '', 35, '65.00', '65.00');

-- --------------------------------------------------------

--
-- Table structure for table `BookingItemSchedule`
--

CREATE TABLE IF NOT EXISTS `BookingItemSchedule` (
  `id` int(11) NOT NULL,
  `bookingItemId` int(11) NOT NULL,
  `dateBooked` date NOT NULL
) ENGINE=InnoDB AUTO_INCREMENT=204 DEFAULT CHARSET=latin1;

--
-- Dumping data for table `BookingItemSchedule`
--

INSERT INTO `BookingItemSchedule` (`id`, `bookingItemId`, `dateBooked`) VALUES
(34, 23, '2019-02-20'),
(35, 23, '2019-02-21'),
(36, 23, '2019-02-22'),
(37, 23, '2019-02-23'),
(38, 23, '2019-02-24'),
(39, 23, '2019-02-25'),
(40, 23, '2019-02-26'),
(41, 23, '2019-02-27'),
(42, 23, '2019-02-28'),
(43, 24, '2019-02-20'),
(47, 27, '2019-02-20'),
(48, 27, '2019-02-21'),
(49, 27, '2019-02-22'),
(66, 30, '2019-02-22'),
(67, 30, '2019-02-23'),
(68, 30, '2019-02-24'),
(69, 30, '2019-02-25'),
(70, 30, '2019-02-26'),
(71, 30, '2019-02-27'),
(72, 30, '2019-02-28'),
(73, 30, '2019-03-01'),
(74, 30, '2019-03-02'),
(75, 30, '2019-03-03'),
(76, 30, '2019-03-04'),
(77, 30, '2019-03-05'),
(78, 30, '2019-03-06'),
(79, 30, '2019-03-07'),
(80, 30, '2019-03-08'),
(81, 30, '2019-03-09'),
(82, 30, '2019-03-10'),
(83, 30, '2019-03-11'),
(84, 30, '2019-03-12'),
(85, 30, '2019-03-13'),
(86, 30, '2019-03-14'),
(87, 30, '2019-03-15'),
(88, 30, '2019-03-16'),
(89, 30, '2019-03-17'),
(90, 30, '2019-03-18'),
(91, 30, '2019-03-19'),
(92, 30, '2019-03-20'),
(93, 30, '2019-03-21'),
(94, 30, '2019-03-22'),
(95, 30, '2019-03-23'),
(96, 30, '2019-03-24'),
(97, 30, '2019-03-25'),
(98, 30, '2019-03-26'),
(99, 30, '2019-03-27'),
(100, 30, '2019-03-28'),
(101, 30, '2019-03-29'),
(102, 30, '2019-03-30'),
(103, 30, '2019-03-31'),
(104, 30, '2019-04-01'),
(105, 30, '2019-04-02'),
(106, 30, '2019-04-03'),
(107, 30, '2019-04-04'),
(108, 30, '2019-04-05'),
(109, 30, '2019-04-06'),
(110, 30, '2019-04-07'),
(111, 30, '2019-04-08'),
(112, 30, '2019-04-09'),
(113, 30, '2019-04-10'),
(114, 30, '2019-04-11'),
(115, 30, '2019-04-12'),
(116, 30, '2019-04-13'),
(117, 30, '2019-04-14'),
(118, 30, '2019-04-15'),
(119, 30, '2019-04-16'),
(120, 30, '2019-04-17'),
(121, 30, '2019-04-18'),
(122, 30, '2019-04-19'),
(123, 30, '2019-04-20'),
(124, 30, '2019-04-21'),
(125, 30, '2019-04-22'),
(126, 30, '2019-04-23'),
(127, 30, '2019-04-24'),
(128, 30, '2019-04-25'),
(129, 30, '2019-04-26'),
(130, 30, '2019-04-27'),
(131, 30, '2019-04-28'),
(132, 30, '2019-04-29'),
(133, 30, '2019-04-30'),
(134, 30, '2019-05-01'),
(135, 30, '2019-05-02'),
(136, 30, '2019-05-03'),
(137, 30, '2019-05-04'),
(138, 30, '2019-05-05'),
(139, 30, '2019-05-06'),
(140, 30, '2019-05-07'),
(141, 30, '2019-05-08'),
(142, 30, '2019-05-09'),
(143, 30, '2019-05-10'),
(144, 30, '2019-05-11'),
(145, 30, '2019-05-12'),
(146, 30, '2019-05-13'),
(147, 30, '2019-05-14'),
(148, 30, '2019-05-15'),
(149, 30, '2019-05-16'),
(150, 30, '2019-05-17'),
(151, 30, '2019-05-18'),
(152, 30, '2019-05-19'),
(153, 30, '2019-05-20'),
(154, 30, '2019-05-21'),
(155, 30, '2019-05-22'),
(156, 30, '2019-05-23'),
(157, 30, '2019-05-24'),
(158, 30, '2019-05-25'),
(159, 30, '2019-05-26'),
(160, 30, '2019-05-27'),
(161, 30, '2019-05-28'),
(162, 30, '2019-05-29'),
(163, 30, '2019-05-30'),
(164, 30, '2019-05-31'),
(165, 31, '2019-03-01'),
(166, 31, '2019-03-02'),
(167, 31, '2019-03-03'),
(168, 31, '2019-03-04'),
(169, 31, '2019-03-05'),
(170, 31, '2019-03-06'),
(171, 31, '2019-03-07'),
(172, 31, '2019-03-08'),
(173, 31, '2019-03-09'),
(174, 31, '2019-03-10'),
(175, 31, '2019-03-11'),
(176, 31, '2019-03-12'),
(177, 31, '2019-03-13'),
(178, 31, '2019-03-14'),
(179, 31, '2019-03-15'),
(180, 31, '2019-03-16'),
(181, 31, '2019-03-17'),
(182, 31, '2019-03-18'),
(183, 31, '2019-03-19'),
(184, 31, '2019-03-20'),
(185, 31, '2019-03-21'),
(186, 31, '2019-03-22'),
(187, 31, '2019-03-23'),
(188, 31, '2019-03-24'),
(189, 31, '2019-03-25'),
(190, 31, '2019-03-26'),
(191, 31, '2019-03-27'),
(192, 31, '2019-03-28'),
(193, 31, '2019-03-29'),
(194, 31, '2019-03-30'),
(203, 33, '2019-02-21');

-- --------------------------------------------------------

--
-- Table structure for table `BookingStatus`
--

CREATE TABLE IF NOT EXISTS `BookingStatus` (
  `id` int(11) NOT NULL,
  `status` varchar(20) NOT NULL
) ENGINE=InnoDB AUTO_INCREMENT=4 DEFAULT CHARSET=latin1;

--
-- Dumping data for table `BookingStatus`
--

INSERT INTO `BookingStatus` (`id`, `status`) VALUES
(1, 'Pending'),
(2, 'Confirmed'),
(3, 'Completed');

-- --------------------------------------------------------

--
-- Table structure for table `Customer`
--

CREATE TABLE IF NOT EXISTS `Customer` (
  `id` int(11) NOT NULL,
  `firstName` varchar(255) NOT NULL,
  `lastName` varchar(255) NOT NULL,
  `companyName` varchar(255) NOT NULL,
  `emailAddress` varchar(255) NOT NULL,
  `phoneNo` varchar(50) NOT NULL,
  `password` varchar(50) NOT NULL,
  `isAdministrator` tinyint(1) NOT NULL
) ENGINE=InnoDB AUTO_INCREMENT=26 DEFAULT CHARSET=latin1;

--
-- Dumping data for table `Customer`
--

INSERT INTO `Customer` (`id`, `firstName`, `lastName`, `companyName`, `emailAddress`, `phoneNo`, `password`, `isAdministrator`) VALUES
(2, 'Lucas', 'Lawes', 'Project Wizards Inc.', 'k1736700@kingston.ac.uk', '', '85a28ab49283c9b3e74835802a8001b9', 1),
(3, 'Damien', 'Triegaardt', 'Project Wizards Inc.', 'k1746425@kingston.ac.uk', '', '85a28ab49283c9b3e74835802a8001b9', 1),
(7, 'Matteo', 'Cannas', 'Project Wizards Inc.', 'k1728913@kingston.ac.uk', '', '85a28ab49283c9b3e74835802a8001b9', 1),
(8, 'Tobe', 'Thankachan', 'Project Wizards Inc.', 'k1721446@kingston.ac.uk', '', '85a28ab49283c9b3e74835802a8001b9', 1),
(9, 'Hamza', 'Mahmood', 'Project Wizards Inc.', 'k1713303@kingston.ac.uk', '', '85a28ab49283c9b3e74835802a8001b9', 1),
(10, 'Gerard', 'Nolan', 'Project Wizards Inc.', 'k0210589@kingston.ac.uk', '', '85a28ab49283c9b3e74835802a8001b9', 1),
(11, 'Paul', 'Neve', 'Kingston University', 'paul@kingston.ac.uk', '', '85a28ab49283c9b3e74835802a8001b9', 1),
(16, 'Gail', 'Walker', 'Brooklands College', 'gail.walker@brooklands.ac.uk', '01932 797 700', '85a28ab49283c9b3e74835802a8001b9', 0),
(17, 'Sue', 'Baker', 'Kingston Grammar School', 'sue.baker@kingstongrammarschool.ac.uk', '020 8546 5875', '85a28ab49283c9b3e74835802a8001b9', 0),
(18, 'Tom', 'Ryder', 'King Athelstan Primary School', 'tom.ryder@kingsathelsonprimaryschool.ac.uk', '020 8546 8210', '85a28ab49283c9b3e74835802a8001b9', 0),
(19, 'Hamza', 'Patel', 'Surbiton High School', 'hamza@surbitanhighschool.ac.uk', '020 8546 5245', '85a28ab49283c9b3e74835802a8001b9', 0),
(20, 'Beth', 'Bridges', 'St Luke''''s C Of E Primary School', 'beth.bridges@stlukesprimary.ac.uk', '020 8546 0902', '85a28ab49283c9b3e74835802a8001b9', 0),
(21, 'Astrid', 'Ayel', 'Educare Small School', 'astrid.ayel@educare.ac.uk', '020 8547 0144', '85a28ab49283c9b3e74835802a8001b9', 0),
(22, 'Keith', 'Cruickshank', 'Kings Oak Primary School', 'keith@kingsoakprimary.ac.uk', '020 8942 5154', '85a28ab49283c9b3e74835802a8001b9', 0),
(23, 'Frederick', 'Metcalf', 'The Kingston Academy', 'frederick.metcalf@thekingstonacademy.ac.uk', '020 8546 5875', '85a28ab49283c9b3e74835802a8001b9', 0),
(24, 'Serena', 'Jones', 'Tiffin Girls'' School', 'serena.jones@triffingirlsschool.ac.uk', '020 8546 0773', '85a28ab49283c9b3e74835802a8001b9', 0),
(25, 'dfgf', 'rthdth', 'sdfrfsdf', 'rtdth@rttrh.co.uk', 'dfsdfsdf', 'ae9737e9f9d11463a659e38604255e45', 0);

-- --------------------------------------------------------

--
-- Table structure for table `CustomerAddress`
--

CREATE TABLE IF NOT EXISTS `CustomerAddress` (
  `id` int(11) NOT NULL,
  `number` varchar(255) NOT NULL,
  `streetName` varchar(255) NOT NULL,
  `town` varchar(255) NOT NULL,
  `postcode` varchar(8) NOT NULL,
  `customerId` int(11) NOT NULL
) ENGINE=InnoDB DEFAULT CHARSET=latin1;

-- --------------------------------------------------------

--
-- Table structure for table `LicenseCategory`
--

CREATE TABLE IF NOT EXISTS `LicenseCategory` (
  `id` int(11) NOT NULL,
  `category` varchar(255) NOT NULL
) ENGINE=InnoDB AUTO_INCREMENT=3 DEFAULT CHARSET=latin1;

--
-- Dumping data for table `LicenseCategory`
--

INSERT INTO `LicenseCategory` (`id`, `category`) VALUES
(1, 'Minibus (D1)'),
(2, 'Bus (D)');

-- --------------------------------------------------------

--
-- Table structure for table `Log`
--

CREATE TABLE IF NOT EXISTS `Log` (
  `id` int(11) NOT NULL,
  `fullName` varchar(255) NOT NULL,
  `url` varchar(500) NOT NULL,
  `dateAccessed` datetime NOT NULL DEFAULT CURRENT_TIMESTAMP
) ENGINE=InnoDB AUTO_INCREMENT=2479 DEFAULT CHARSET=latin1;

--
-- Dumping data for table `Log`
--

INSERT INTO `Log` (`id`, `fullName`, `url`, `dateAccessed`) VALUES
(69, ' ', '/k1736700/BookingSystem/web/index.php', '2019-02-03 16:53:15'),
(70, ' ', '/k1736700/BookingSystem/web/browse.php', '2019-02-03 16:55:07'),
(71, ' ', '/k1736700/BookingSystem/web/browse.php', '2019-02-03 16:55:18'),
(72, ' ', '/k1736700/BookingSystem/web/basket_add.php', '2019-02-03 16:57:28'),
(73, ' ', '/k1736700/BookingSystem/web/basket_add.php', '2019-02-03 16:57:31'),
(74, ' ', '/k1736700/BookingSystem/web/browse.php', '2019-02-03 16:57:31'),
(75, ' ', '/k1736700/BookingSystem/web/basket.php', '2019-02-03 16:57:34'),
(76, ' ', '/k1736700/BookingSystem/web/checkout.php', '2019-02-03 16:57:36'),
(77, ' ', '/k1736700/BookingSystem/web/basket.php', '2019-02-03 16:57:53'),
(78, ' ', '/k1736700/BookingSystem/web/browse.php', '2019-02-03 16:57:58'),
(79, ' ', '/k1736700/BookingSystem/web/basket_add.php', '2019-02-03 16:58:04'),
(80, ' ', '/k1736700/BookingSystem/web/basket_add.php', '2019-02-03 16:58:05'),
(81, ' ', '/k1736700/BookingSystem/web/browse.php', '2019-02-03 16:58:05'),
(82, ' ', '/k1736700/BookingSystem/web/basket.php', '2019-02-03 16:58:08'),
(83, ' ', '/k1736700/BookingSystem/web/signup.php', '2019-02-03 16:59:07'),
(84, ' ', '/k1736700/BookingSystem/web/index.php', '2019-02-03 16:59:17'),
(85, ' ', '/k1736700/BookingSystem/web/index.php', '2019-02-03 17:11:39'),
(86, ' ', '/k1736700/BookingSystem/web/basket.php', '2019-02-03 17:12:13'),
(87, ' ', '/k1736700/BookingSystem/web/checkout.php', '2019-02-03 17:12:15'),
(88, '', '/k1736700/BookingSystem/web/index.php', '2019-02-03 20:41:09'),
(89, '', '/php-lectures/api.php', '2019-02-04 13:27:54'),
(90, '', '/php-lectures/api.php', '2019-02-04 13:30:47'),
(91, '', '/php-lectures/api.php', '2019-02-04 13:36:35'),
(92, '', '/php-lectures/api.php', '2019-02-04 13:37:22'),
(93, '', '/php-lectures/api.php', '2019-02-04 13:37:42'),
(94, '', '/php-lectures/api.php', '2019-02-04 13:38:44'),
(95, '', '/php-lectures/api.php', '2019-02-04 13:39:13'),
(96, '', '/php-lectures/api.php', '2019-02-04 13:39:53'),
(97, '', '/php-lectures/api.php', '2019-02-04 13:40:09'),
(98, '', '/php-lectures/api.php', '2019-02-04 13:40:26'),
(99, '', '/php-lectures/api.php', '2019-02-04 13:40:43'),
(100, '', '/php-lectures/api.php', '2019-02-04 13:40:53'),
(101, '', '/php-lectures/api.php', '2019-02-04 13:41:39'),
(102, '', '/php-lectures/api.php', '2019-02-04 13:44:01'),
(103, '', '/php-lectures/api.php', '2019-02-04 13:46:23'),
(104, '', '/php-lectures/api.php', '2019-02-04 13:46:34'),
(105, '', '/php-lectures/api.php', '2019-02-04 13:46:52'),
(106, '', '/php-lectures/api.php', '2019-02-04 13:47:49'),
(107, '', '/php-lectures/api.php', '2019-02-04 13:53:25'),
(108, '', '/php-lectures/api.php', '2019-02-04 13:54:25'),
(109, '', '/php-lectures/api.php', '2019-02-04 13:57:06'),
(110, '', '/php-lectures/api.php', '2019-02-04 14:03:35'),
(111, '', '/php-lectures/api.php', '2019-02-04 14:04:54'),
(112, '', '/php-lectures/api.php', '2019-02-04 14:18:31'),
(113, '', '/php-lectures/api.php', '2019-02-04 14:19:48'),
(114, '', '/php-lectures/api.php', '2019-02-04 14:19:54'),
(115, '', '/php-lectures/api.php', '2019-02-04 14:31:59'),
(116, '', '/php-lectures/api.php', '2019-02-04 14:32:20'),
(117, '', '/php-lectures/api.php', '2019-02-04 14:32:33'),
(118, '', '/php-lectures/api.php', '2019-02-04 14:32:36'),
(119, '', '/k1736700/BookingSystem/web/index.php', '2019-02-05 11:14:19'),
(120, '', '/k1736700/BookingSystem/web/index.php', '2019-02-05 11:14:27'),
(121, '', '/k1736700/BookingSystem/web/basket.php', '2019-02-05 11:15:38'),
(122, '', '/k1736700/BookingSystem/web/browse.php', '2019-02-05 11:15:40'),
(123, '', '/k1736700/BookingSystem/web/basket_add.php', '2019-02-05 11:15:46'),
(124, '', '/k1736700/BookingSystem/web/basket_add.php', '2019-02-05 11:15:48'),
(125, '', '/k1736700/BookingSystem/web/browse.php', '2019-02-05 11:15:48'),
(126, '', '/k1736700/BookingSystem/web/basket.php', '2019-02-05 11:15:52'),
(127, '', '/k1736700/BookingSystem/web/checkout.php', '2019-02-05 11:15:55'),
(128, '', '/k1736700/BookingSystem/web/signup.php', '2019-02-05 11:16:15'),
(129, '', '/k1736700/BookingSystem/web/browse.php', '2019-02-05 11:16:24'),
(130, '', '/k1736700/BookingSystem/web/browse.php', '2019-02-05 11:16:32'),
(131, '', '/k1736700/BookingSystem/web/browse.php', '2019-02-05 11:18:17'),
(132, '', '/k1736700/BookingSystem/web/browse.php', '2019-02-05 11:18:21'),
(133, '', '/k1736700/BookingSystem/web/basket.php', '2019-02-05 11:18:22'),
(134, '', '/k1736700/BookingSystem/web/basket.php', '2019-02-05 11:18:30'),
(135, '', '/k1736700/BookingSystem/web/browse.php', '2019-02-05 11:18:43'),
(136, '', '/k1736700/BookingSystem/web/browse.php', '2019-02-05 11:18:57'),
(137, '', '/k1736700/BookingSystem/web/basket_add.php', '2019-02-05 11:19:08'),
(138, '', '/k1736700/BookingSystem/web/index.php', '2019-02-05 12:20:47'),
(139, '', '/k1736700/BookingSystem/web/index.php', '2019-02-05 12:20:53'),
(140, '', '/k1736700/BookingSystem/web/index.php', '2019-02-05 12:35:04'),
(141, '', '/k1736700/BookingSystem/web/index.php', '2019-02-05 12:38:11'),
(142, '', '/k1736700/BookingSystem/web/browse.php', '2019-02-05 12:38:47'),
(143, '', '/k1736700/BookingSystem/web/browse.php', '2019-02-05 12:39:00'),
(144, '', '/k1736700/BookingSystem/web/basket_add.php', '2019-02-05 12:39:12'),
(145, '', '/k1736700/BookingSystem/web/basket_add.php', '2019-02-05 12:39:50'),
(146, '', '/k1736700/BookingSystem/web/browse.php', '2019-02-05 12:39:50'),
(147, '', '/k1736700/BookingSystem/web/basket.php', '2019-02-05 12:39:56'),
(148, '', '/k1736700/BookingSystem/web/checkout.php', '2019-02-05 12:40:01'),
(149, 'Lucas Lawes', '/k1736700/BookingSystem/web/checkout.php', '2019-02-05 12:40:14'),
(150, 'Lucas Lawes', '/k1736700/BookingSystem/web/browse.php', '2019-02-05 12:40:22'),
(151, 'Lucas Lawes', '/k1736700/BookingSystem/web/basket_add.php', '2019-02-05 12:40:28'),
(152, 'Lucas Lawes', '/k1736700/BookingSystem/web/basket_add.php', '2019-02-05 12:40:33'),
(153, 'Lucas Lawes', '/k1736700/BookingSystem/web/browse.php', '2019-02-05 12:40:33'),
(154, 'Lucas Lawes', '/k1736700/BookingSystem/web/basket.php', '2019-02-05 12:40:36'),
(155, 'Lucas Lawes', '/k1736700/BookingSystem/web/checkout.php', '2019-02-05 12:40:40'),
(156, 'Lucas Lawes', '/k1736700/BookingSystem/web/browse.php', '2019-02-05 12:40:51'),
(157, 'Lucas Lawes', '/k1736700/BookingSystem/web/bookings.php', '2019-02-05 12:40:53'),
(158, '', '/k1736700/BookingSystem/web/browse.php', '2019-02-05 12:50:54'),
(159, '', '/k1736700/BookingSystem/web/index.php', '2019-02-05 12:50:56'),
(160, '', '/k1736700/BookingSystem/web/index.php', '2019-02-05 13:40:15'),
(161, '', '/bookingsystem/web/index.php', '2019-02-05 16:07:19'),
(162, '', '/k1736700/BookingSystem/web/index.php', '2019-02-05 16:09:47'),
(163, '', '/k1736700/BookingSystem/web/admin/index.php', '2019-02-05 16:10:05'),
(164, 'Hamza Mahmood', '/bookingsystem/web/index.php', '2019-02-05 16:10:46'),
(165, 'Hamza Mahmood', '/bookingsystem/web/admin/index.php', '2019-02-05 16:10:49'),
(166, 'Hamza Mahmood', '/bookingsystem/web/api.php', '2019-02-05 16:10:49'),
(167, '', '/k1736700/BookingSystem/web/index.php', '2019-02-05 16:10:51'),
(168, 'Hamza Mahmood', '/bookingsystem/web/admin/promotions.php', '2019-02-05 16:10:51'),
(169, 'Hamza Mahmood', '/bookingsystem/web/admin/vehicles.php', '2019-02-05 16:10:56'),
(170, 'Hamza Mahmood', '/bookingsystem/web/admin/promotions.php', '2019-02-05 16:10:57'),
(171, 'Hamza Mahmood', '/bookingsystem/web/admin/promotions.php', '2019-02-05 16:11:00'),
(172, '', '/k1736700/BookingSystem/web/browse.php', '2019-02-05 16:11:07'),
(173, 'Hamza Mahmood', '/bookingsystem/web/admin/promotions.php', '2019-02-05 16:11:20'),
(174, 'Damien Triegaardt', '/bookingsystem/web/admin/promotions.php', '2019-02-05 16:12:25'),
(175, 'Damien Triegaardt', '/bookingsystem/web/admin/index.php', '2019-02-05 16:12:26'),
(176, 'Damien Triegaardt', '/bookingsystem/web/api.php', '2019-02-05 16:12:26'),
(177, '', '/k1736700/BookingSystem/web/browse.php', '2019-02-05 16:12:27'),
(178, 'Damien Triegaardt', '/bookingsystem/web/admin/index.php', '2019-02-05 16:12:28'),
(179, 'Damien Triegaardt', '/bookingsystem/web/api.php', '2019-02-05 16:12:28'),
(180, 'Damien Triegaardt', '/bookingsystem/web/index.php', '2019-02-05 16:12:29'),
(181, '', '/k1736700/BookingSystem/web/browse.php', '2019-02-05 16:12:34'),
(182, 'Damien Triegaardt', '/bookingsystem/web/browse.php', '2019-02-05 16:12:35'),
(183, 'Damien Triegaardt', '/bookingsystem/web/bookings.php', '2019-02-05 16:12:36'),
(184, 'Damien Triegaardt', '/bookingsystem/web/basket.php', '2019-02-05 16:12:37'),
(185, 'Damien Triegaardt', '/bookingsystem/web/browse.php', '2019-02-05 16:12:40'),
(186, 'Damien Triegaardt', '/bookingsystem/web/browse.php', '2019-02-05 16:12:47'),
(187, 'Damien Triegaardt', '/bookingsystem/web/basket_add.php', '2019-02-05 16:12:51'),
(188, 'Damien Triegaardt', '/bookingsystem/web/browse.php', '2019-02-05 16:12:56'),
(189, 'Damien Triegaardt', '/bookingsystem/web/admin/index.php', '2019-02-05 16:12:59'),
(190, 'Damien Triegaardt', '/bookingsystem/web/api.php', '2019-02-05 16:12:59'),
(191, 'Hamza Mahmood', '/bookingsystem/web/admin/promotions_add.php', '2019-02-05 16:14:35'),
(192, 'Hamza Mahmood', '/bookingsystem/web/admin/promotions.php', '2019-02-05 16:14:38'),
(193, 'Damien Triegaardt', '/bookingsystem/web/admin/index.php', '2019-02-05 16:19:48'),
(194, 'Damien Triegaardt', '/bookingsystem/web/api.php', '2019-02-05 16:19:49'),
(195, 'Damien Triegaardt', '/bookingsystem/web/index.php', '2019-02-05 16:19:51'),
(196, 'Damien Triegaardt', '/bookingsystem/web/admin/index.php', '2019-02-05 16:19:53'),
(197, 'Damien Triegaardt', '/bookingsystem/web/api.php', '2019-02-05 16:19:53'),
(198, 'Damien Triegaardt', '/bookingsystem/web/admin/promotions.php', '2019-02-05 16:19:56'),
(199, 'Damien Triegaardt', '/bookingsystem/web/admin/promotions_add.php', '2019-02-05 16:19:59'),
(200, 'Damien Triegaardt', '/bookingsystem/web/admin/promotions.php', '2019-02-05 16:20:02'),
(201, 'Damien Triegaardt', '/bookingsystem/web/admin/customers.php', '2019-02-05 16:20:07'),
(202, 'Damien Triegaardt', '/bookingsystem/web/admin/customers.php', '2019-02-05 16:20:52'),
(203, 'Damien Triegaardt', '/bookingsystem/web/admin/customers_edit.php', '2019-02-05 16:20:54'),
(204, 'Damien Triegaardt', '/bookingsystem/web/admin/promotions.php', '2019-02-05 16:20:56'),
(205, 'Damien Triegaardt', '/bookingsystem/web/admin/vehicles.php', '2019-02-05 16:21:00'),
(206, 'Damien Triegaardt', '/bookingsystem/web/admin/customers.php', '2019-02-05 16:21:01'),
(207, 'Hamza Mahmood', '/bookingsystem/web/admin/customers.php', '2019-02-05 16:21:04'),
(208, 'Hamza Mahmood', '/bookingsystem/web/admin/customers.php', '2019-02-05 16:21:05'),
(209, 'Hamza Mahmood', '/bookingsystem/web/admin/customers_edit.php', '2019-02-05 16:21:06'),
(210, 'Hamza Mahmood', '/bookingsystem/web/admin/promotions.php', '2019-02-05 16:26:16'),
(211, 'Hamza Mahmood', '/bookingsystem/web/index.php', '2019-02-05 16:26:46'),
(212, 'Hamza Mahmood', '/bookingsystem/web/browse.php', '2019-02-05 16:27:12'),
(213, 'Hamza Mahmood', '/bookingsystem/web/basket_add.php', '2019-02-05 16:27:19'),
(214, 'Hamza Mahmood', '/bookingsystem/web/admin/index.php', '2019-02-05 16:27:26'),
(215, 'Hamza Mahmood', '/bookingsystem/web/api.php', '2019-02-05 16:27:26'),
(216, 'Hamza Mahmood', '/bookingsystem/web/admin/customers.php', '2019-02-05 16:27:28'),
(217, 'Hamza Mahmood', '/bookingsystem/web/admin/promotions.php', '2019-02-05 16:27:35'),
(218, 'Hamza Mahmood', '/bookingsystem/web/admin/vehicles.php', '2019-02-05 16:27:47'),
(219, 'Hamza Mahmood', '/bookingsystem/web/index.php', '2019-02-05 16:28:01'),
(220, 'Hamza Mahmood', '/bookingsystem/web/signout.php', '2019-02-05 16:28:04'),
(221, '', '/bookingsystem/web/index.php', '2019-02-05 16:28:05'),
(222, 'Hamza Mahmood', '/bookingsystem/web/index.php', '2019-02-05 16:28:17'),
(223, 'Hamza Mahmood', '/bookingsystem/web/admin/index.php', '2019-02-05 16:28:19'),
(224, 'Hamza Mahmood', '/bookingsystem/web/api.php', '2019-02-05 16:28:20'),
(225, 'Hamza Mahmood', '/bookingsystem/web/index.php', '2019-02-05 16:28:24'),
(226, 'Hamza Mahmood', '/bookingsystem/web/admin/index.php', '2019-02-05 16:29:36'),
(227, 'Hamza Mahmood', '/bookingsystem/web/api.php', '2019-02-05 16:29:36'),
(228, 'Hamza Mahmood', '/bookingsystem/web/admin/promotions.php', '2019-02-05 16:29:38'),
(229, 'Hamza Mahmood', '/bookingsystem/web/index.php', '2019-02-05 16:29:41'),
(230, 'Hamza Mahmood', '/bookingsystem/web/admin/index.php', '2019-02-05 16:29:48'),
(231, 'Hamza Mahmood', '/bookingsystem/web/api.php', '2019-02-05 16:29:48'),
(232, 'Hamza Mahmood', '/bookingsystem/web/admin/index.php', '2019-02-05 16:32:21'),
(233, 'Hamza Mahmood', '/bookingsystem/web/api.php', '2019-02-05 16:32:22'),
(234, 'Hamza Mahmood', '/bookingsystem/web/admin/promotions.php', '2019-02-05 16:32:23'),
(235, 'Hamza Mahmood', '/bookingsystem/web/admin/vehicles.php', '2019-02-05 16:32:24'),
(236, 'Hamza Mahmood', '/bookingsystem/web/admin/promotions.php', '2019-02-05 16:32:25'),
(237, 'Hamza Mahmood', '/bookingsystem/web/admin/customers.php', '2019-02-05 16:32:25'),
(238, 'Hamza Mahmood', '/bookingsystem/web/admin/index.php', '2019-02-05 16:32:26'),
(239, 'Hamza Mahmood', '/bookingsystem/web/api.php', '2019-02-05 16:32:26'),
(240, 'Hamza Mahmood', '/bookingsystem/web/admin/customers.php', '2019-02-05 16:32:27'),
(241, 'Hamza Mahmood', '/bookingsystem/web/admin/promotions.php', '2019-02-05 16:32:28'),
(242, '', '/k1736700/BookingSystem/web/index.php', '2019-02-05 19:11:50'),
(243, '', '/k1736700/BookingSystem/web/index.php', '2019-02-05 19:18:28'),
(244, '', '/k1736700/BookingSystem/web/browse.php', '2019-02-05 19:24:20'),
(245, '', '/k1736700/BookingSystem/web/browse.php', '2019-02-05 19:24:27'),
(246, '', '/k1736700/BookingSystem/web/browse.php', '2019-02-05 19:24:39'),
(247, '', '/k1736700/BookingSystem/web/index.php', '2019-02-05 19:25:01'),
(248, '', '/k1736700/BookingSystem/web/index.php', '2019-02-05 19:25:06'),
(249, '', '/k1736700/BookingSystem/web/index.php', '2019-02-05 20:44:00'),
(250, '', '/k1736700/BookingSystem/web/browse.php', '2019-02-05 20:44:17'),
(251, '', '/k1736700/BookingSystem/web/index.php', '2019-02-05 21:28:36'),
(252, '', '/k1736700/BookingSystem/web/browse.php', '2019-02-05 21:28:43'),
(253, '', '/k1736700/BookingSystem/web/browse.php', '2019-02-05 21:28:49'),
(254, '', '/k1736700/BookingSystem/web/index.php', '2019-02-05 21:30:02'),
(255, '', '/k1736700/BookingSystem/web/browse.php', '2019-02-05 21:30:06'),
(256, '', '/k1736700/BookingSystem/web/browse.php', '2019-02-05 21:30:21'),
(257, '', '/k1736700/BookingSystem/web/basket_add.php', '2019-02-05 21:30:53'),
(258, '', '/k1736700/BookingSystem/web/basket_add.php', '2019-02-05 21:31:02'),
(259, '', '/k1736700/BookingSystem/web/browse.php', '2019-02-05 21:31:02'),
(260, '', '/k1736700/BookingSystem/web/browse.php', '2019-02-05 21:31:14'),
(261, '', '/k1736700/BookingSystem/web/browse.php', '2019-02-05 21:31:44'),
(262, '', '/k1736700/BookingSystem/web/browse.php', '2019-02-05 21:32:46'),
(263, '', '/k1736700/BookingSystem/web/browse.php', '2019-02-05 21:32:53'),
(264, '', '/k1736700/BookingSystem/web/index.php', '2019-02-05 21:43:00'),
(265, '', '/k1736700/BookingSystem/web/browse.php', '2019-02-05 21:43:20'),
(266, '', '/k1736700/BookingSystem/web/browse.php', '2019-02-05 21:43:24'),
(267, '', '/k1736700/BookingSystem/web/browse.php', '2019-02-05 21:53:33'),
(268, '', '/k1736700/BookingSystem/web/browse.php', '2019-02-05 21:54:58'),
(269, 'Hamza Mahmood', '/k1736700/BookingSystem/web/browse.php', '2019-02-05 22:00:32'),
(270, '', '/k1736700/BookingSystem/web/index.php', '2019-02-06 08:41:42'),
(271, '', '/BookingSystem/web/index.php', '2019-02-06 10:08:50'),
(272, '', '/BookingSystem/web/signup.php', '2019-02-06 10:09:11'),
(273, '', '/bookingsystem/web/index.php', '2019-02-06 11:14:33'),
(274, 'Damien Triegaardt', '/bookingsystem/web/index.php', '2019-02-06 11:15:37'),
(275, '', '/BookingSystem/web/index.php', '2019-02-06 11:17:49'),
(276, '', '/bookingsystem/web/index.php', '2019-02-06 11:29:03'),
(277, '', '/bookingsystem/web/admin/index.php', '2019-02-06 11:29:19'),
(278, '', '/BookingSystem/web/admin/vehicles_add.php', '2019-02-06 11:29:33'),
(279, '', '/BookingSystem/web/index.php', '2019-02-06 11:32:47'),
(280, 'Matteo Cannas', '/BookingSystem/web/index.php', '2019-02-06 11:32:52'),
(281, 'Matteo Cannas', '/BookingSystem/web/browse.php', '2019-02-06 11:32:58'),
(282, 'Matteo Cannas', '/BookingSystem/web/admin/vehicles_add.php', '2019-02-06 11:33:26'),
(283, 'Matteo Cannas', '/BookingSystem/web/admin/vehicles.php', '2019-02-06 11:33:30'),
(284, 'Matteo Cannas', '/BookingSystem/web/admin/vehicles.php', '2019-02-06 11:33:45'),
(285, 'Matteo Cannas', '/BookingSystem/web/admin/vehicles.php', '2019-02-06 11:36:02'),
(286, 'Matteo Cannas', '/BookingSystem/web/admin/vehicles.php', '2019-02-06 11:36:08'),
(287, '', '/BookingSystem/web/browse.php', '2019-02-06 11:52:59'),
(288, 'Paul Neve', '/BookingSystem/web/browse.php', '2019-02-06 11:59:02'),
(289, 'Paul Neve', '/BookingSystem/web/admin/index.php', '2019-02-06 11:59:05'),
(290, 'Paul Neve', '/BookingSystem/web/api.php', '2019-02-06 11:59:05'),
(291, 'Paul Neve', '/BookingSystem/web/admin/promotions.php', '2019-02-06 11:59:09'),
(292, 'Damien Triegaardt', '/bookingsystem/web/admin/index.php', '2019-02-06 12:22:12'),
(293, 'Damien Triegaardt', '/bookingsystem/web/api.php', '2019-02-06 12:22:12'),
(294, 'Damien Triegaardt', '/bookingsystem/web/admin/promotions.php', '2019-02-06 12:22:14'),
(295, 'Damien Triegaardt', '/bookingsystem/web/admin/promotions_edit.php', '2019-02-06 12:22:18'),
(296, 'Paul Neve', '/BookingSystem/web/index.php', '2019-02-06 12:25:25'),
(297, 'Paul Neve', '/BookingSystem/web/admin/index.php', '2019-02-06 12:25:43'),
(298, 'Paul Neve', '/BookingSystem/web/api.php', '2019-02-06 12:25:43'),
(299, 'Paul Neve', '/BookingSystem/web/admin/customers.php', '2019-02-06 12:25:45'),
(300, 'Paul Neve', '/BookingSystem/web/admin/promotions.php', '2019-02-06 12:25:46'),
(301, 'Paul Neve', '/BookingSystem/web/admin/vehicles.php', '2019-02-06 12:25:46'),
(302, 'Paul Neve', '/BookingSystem/web/admin/customers.php', '2019-02-06 12:25:52'),
(303, 'Paul Neve', '/BookingSystem/web/admin/index.php', '2019-02-06 12:25:53'),
(304, 'Paul Neve', '/BookingSystem/web/api.php', '2019-02-06 12:25:53'),
(305, 'Paul Neve', '/BookingSystem/web/index.php', '2019-02-06 12:29:22'),
(306, 'Paul Neve', '/BookingSystem/web/index.php', '2019-02-06 12:29:25'),
(307, 'Damien Triegaardt', '/bookingsystem/web/admin/promotions.php', '2019-02-06 12:29:44'),
(308, 'Damien Triegaardt', '/bookingsystem/web/admin/promotions_edit.php', '2019-02-06 12:29:48'),
(309, 'Damien Triegaardt', '/bookingsystem/web/admin/promotions.php', '2019-02-06 12:29:52'),
(310, 'Damien Triegaardt', '/bookingsystem/web/admin/promotions_edit.php', '2019-02-06 12:29:56'),
(311, 'Damien Triegaardt', '/bookingsystem/web/admin/customers_edit.php', '2019-02-06 12:30:22'),
(312, 'Damien Triegaardt', '/bookingsystem/web/admin/customers.php', '2019-02-06 12:30:22'),
(313, 'Damien Triegaardt', '/bookingsystem/web/admin/promotions.php', '2019-02-06 12:30:28'),
(314, '', '/BookingSystem/web/index.php', '2019-02-06 12:33:58'),
(315, 'Hamza Mahmood', '/BookingSystem/web/index.php', '2019-02-06 12:34:15'),
(316, 'Hamza Mahmood', '/BookingSystem/web/admin/index.php', '2019-02-06 12:34:18'),
(317, 'Hamza Mahmood', '/BookingSystem/web/api.php', '2019-02-06 12:34:19'),
(318, 'Hamza Mahmood', '/BookingSystem/web/admin/promotions.php', '2019-02-06 12:34:20'),
(319, '', '/bookingsystem/web/index.php', '2019-02-06 12:34:30'),
(320, '', '/bookingsystem/web/signin.php', '2019-02-06 12:35:17'),
(321, '', '/bookingsystem/web/signin.php', '2019-02-06 12:35:37'),
(322, 'Hamza Mahmood', '/BookingSystem/web/admin/promotions.php', '2019-02-06 12:35:38'),
(323, 'Hamza Mahmood', '/BookingSystem/web/admin/promotions_edit.php', '2019-02-06 12:35:40'),
(324, 'Hamza Mahmood', '/BookingSystem/web/admin/customers_edit.php', '2019-02-06 12:35:42'),
(325, 'Hamza Mahmood', '/BookingSystem/web/admin/customers.php', '2019-02-06 12:35:42'),
(326, 'Hamza Mahmood', '/BookingSystem/web/admin/customers.php', '2019-02-06 12:35:47'),
(327, 'Hamza Mahmood', '/BookingSystem/web/admin/customers_edit.php', '2019-02-06 12:35:49'),
(328, 'Hamza Mahmood', '/BookingSystem/web/admin/promotions.php', '2019-02-06 12:35:50'),
(329, 'Hamza Mahmood', '/BookingSystem/web/admin/promotions_edit.php', '2019-02-06 12:35:52'),
(330, 'Hamza Mahmood', '/BookingSystem/web/admin/customers_edit.php', '2019-02-06 12:35:53'),
(331, 'Hamza Mahmood', '/BookingSystem/web/admin/customers.php', '2019-02-06 12:35:53'),
(332, 'Hamza Mahmood', '/BookingSystem/web/admin/promotions.php', '2019-02-06 12:36:06'),
(333, 'Gerard Nolan', '/bookingsystem/web/signin.php', '2019-02-06 12:36:11'),
(334, 'Gerard Nolan', '/bookingsystem/web/index.php', '2019-02-06 12:36:11'),
(335, 'Gerard Nolan', '/bookingsystem/web/admin/index.php', '2019-02-06 12:36:28'),
(336, 'Gerard Nolan', '/bookingsystem/web/api.php', '2019-02-06 12:36:28'),
(337, 'Gerard Nolan', '/bookingsystem/web/admin/customers.php', '2019-02-06 12:36:42'),
(338, 'Hamza Mahmood', '/BookingSystem/web/admin/promotions_edit.php', '2019-02-06 12:38:08'),
(339, 'Hamza Mahmood', '/BookingSystem/web/admin/promotions_edit.php', '2019-02-06 12:38:10'),
(340, 'Hamza Mahmood', '/BookingSystem/web/admin/promotions_edit.php', '2019-02-06 12:38:16'),
(341, 'Hamza Mahmood', '/BookingSystem/web/admin/promotions_edit.php', '2019-02-06 12:38:17'),
(342, 'Hamza Mahmood', '/BookingSystem/web/admin/promotions_edit.php', '2019-02-06 12:38:19'),
(343, 'Hamza Mahmood', '/BookingSystem/web/admin/promotions_edit.php', '2019-02-06 12:38:20'),
(344, 'Hamza Mahmood', '/BookingSystem/web/admin/promotions_edit.php', '2019-02-06 12:38:20'),
(345, 'Hamza Mahmood', '/BookingSystem/web/admin/promotions_edit.php', '2019-02-06 12:38:21'),
(346, 'Hamza Mahmood', '/BookingSystem/web/admin/promotions_edit.php', '2019-02-06 12:38:21'),
(347, 'Hamza Mahmood', '/BookingSystem/web/admin/promotions_edit.php', '2019-02-06 12:38:25'),
(348, 'Hamza Mahmood', '/BookingSystem/web/admin/promotions_edit.php', '2019-02-06 12:40:02'),
(349, 'Hamza Mahmood', '/BookingSystem/web/admin/promotions.php', '2019-02-06 12:40:03'),
(350, 'Hamza Mahmood', '/BookingSystem/web/admin/promotions_add.php', '2019-02-06 12:40:31'),
(351, 'Hamza Mahmood', '/BookingSystem/web/admin/promotions_add.php', '2019-02-06 12:41:22'),
(352, 'Hamza Mahmood', '/BookingSystem/web/admin/promotions.php', '2019-02-06 12:41:22'),
(353, 'Hamza Mahmood', '/BookingSystem/web/admin/promotions_edit.php', '2019-02-06 12:41:28'),
(354, 'Hamza Mahmood', '/BookingSystem/web/admin/promotions.php', '2019-02-06 12:41:33'),
(355, 'Hamza Mahmood', '/BookingSystem/web/admin/promotions_edit.php', '2019-02-06 12:41:37'),
(356, 'Hamza Mahmood', '/BookingSystem/web/admin/promotions.php', '2019-02-06 12:41:45'),
(357, 'Hamza Mahmood', '/BookingSystem/web/admin/promotions.php', '2019-02-06 12:47:50'),
(358, 'Hamza Mahmood', '/BookingSystem/web/admin/promotions_edit.php', '2019-02-06 12:47:53'),
(359, 'Hamza Mahmood', '/BookingSystem/web/admin/promotions.php', '2019-02-06 12:47:57'),
(360, 'Hamza Mahmood', '/BookingSystem/web/admin/promotions_edit.php', '2019-02-06 12:47:59'),
(361, 'Hamza Mahmood', '/BookingSystem/web/admin/promotions.php', '2019-02-06 12:48:07'),
(362, 'Hamza Mahmood', '/BookingSystem/web/admin/vehicles.php', '2019-02-06 12:48:12'),
(363, 'Hamza Mahmood', '/BookingSystem/web/admin/vehicles.php', '2019-02-06 12:48:18'),
(364, 'Hamza Mahmood', '/BookingSystem/web/admin/vehicles.php', '2019-02-06 12:48:31'),
(365, 'Hamza Mahmood', '/BookingSystem/web/admin/vehicles.php', '2019-02-06 12:48:35'),
(366, 'Hamza Mahmood', '/BookingSystem/web/admin/vehicles.php', '2019-02-06 12:48:38'),
(367, 'Hamza Mahmood', '/BookingSystem/web/admin/promotions.php', '2019-02-06 12:48:47'),
(368, 'Hamza Mahmood', '/BookingSystem/web/admin/promotions_edit.php', '2019-02-06 12:48:48'),
(369, 'Hamza Mahmood', '/BookingSystem/web/admin/promotions.php', '2019-02-06 12:48:52'),
(370, 'Hamza Mahmood', '/BookingSystem/web/admin/promotions.php', '2019-02-06 12:50:38'),
(371, 'Hamza Mahmood', '/BookingSystem/web/admin/promotions_edit.php', '2019-02-06 12:50:40'),
(372, 'Hamza Mahmood', '/BookingSystem/web/admin/promotions_edit.php', '2019-02-06 12:50:45'),
(373, 'Hamza Mahmood', '/BookingSystem/web/admin/promotions_edit.php', '2019-02-06 12:58:29'),
(374, 'Hamza Mahmood', '/BookingSystem/web/admin/promotions.php', '2019-02-06 12:59:40'),
(375, 'Hamza Mahmood', '/BookingSystem/web/admin/promotions_edit.php', '2019-02-06 12:59:51'),
(376, 'Hamza Mahmood', '/BookingSystem/web/admin/promotions_edit.php', '2019-02-06 12:59:54'),
(377, 'Hamza Mahmood', '/BookingSystem/web/admin/promotions_edit.php', '2019-02-06 13:00:54'),
(378, 'Hamza Mahmood', '/BookingSystem/web/admin/promotions_edit.php', '2019-02-06 13:00:59'),
(379, 'Hamza Mahmood', '/BookingSystem/web/admin/promotions_edit.php', '2019-02-06 13:01:00'),
(380, 'Hamza Mahmood', '/BookingSystem/web/admin/promotions.php', '2019-02-06 13:01:02'),
(381, 'Hamza Mahmood', '/BookingSystem/web/admin/promotions_edit.php', '2019-02-06 13:01:39'),
(382, 'Hamza Mahmood', '/BookingSystem/web/admin/promotions_edit.php', '2019-02-06 13:01:41'),
(383, '', '/BookingSystem/web/index.php', '2019-02-06 13:03:42'),
(384, '', '/BookingSystem/web/signin.php', '2019-02-06 13:04:03'),
(385, '', '/BookingSystem/web/signin.php', '2019-02-06 13:04:53'),
(386, 'Tobe Thankachan', '/BookingSystem/web/signin.php', '2019-02-06 13:06:03'),
(387, 'Tobe Thankachan', '/BookingSystem/web/index.php', '2019-02-06 13:06:03'),
(388, 'Tobe Thankachan', '/BookingSystem/web/admin/index.php', '2019-02-06 13:06:08'),
(389, 'Tobe Thankachan', '/BookingSystem/web/api.php', '2019-02-06 13:06:08'),
(390, 'Tobe Thankachan', '/bookingsystem/web/admin/customers.php', '2019-02-06 13:06:15'),
(391, 'Damien Triegaardt', '/bookingsystem/web/admin/promotions.php', '2019-02-06 13:11:55'),
(392, 'Damien Triegaardt', '/bookingsystem/web/admin/promotions_edit.php', '2019-02-06 13:12:03'),
(393, 'Damien Triegaardt', '/bookingsystem/web/admin/promotions.php', '2019-02-06 13:12:11'),
(394, 'Damien Triegaardt', '/bookingsystem/web/admin/promotions_edit.php', '2019-02-06 13:13:11'),
(395, 'Damien Triegaardt', '/bookingsystem/web/admin/promotions.php', '2019-02-06 13:13:21'),
(396, 'Damien Triegaardt', '/bookingsystem/web/admin/promotions_edit.php', '2019-02-06 13:14:17'),
(397, 'Damien Triegaardt', '/bookingsystem/web/admin/promotions_edit.php', '2019-02-06 13:16:39'),
(398, 'Damien Triegaardt', '/bookingsystem/web/admin/promotions.php', '2019-02-06 13:16:43'),
(399, 'Matteo Cannas', '/BookingSystem/web/admin/vehicles.php', '2019-02-06 13:17:04'),
(400, 'Matteo Cannas', '/BookingSystem/web/admin/vehicles.php', '2019-02-06 13:17:12'),
(401, 'Matteo Cannas', '/BookingSystem/web/admin/vehicles.php', '2019-02-06 13:17:20'),
(402, 'Matteo Cannas', '/BookingSystem/web/admin/vehicles.php', '2019-02-06 13:17:28'),
(403, 'Damien Triegaardt', '/bookingsystem/web/admin/promotions_edit.php', '2019-02-06 13:17:33'),
(404, 'Damien Triegaardt', '/bookingsystem/web/admin/promotions.php', '2019-02-06 13:17:37'),
(405, 'Damien Triegaardt', '/bookingsystem/web/admin/promotions_edit.php', '2019-02-06 13:18:35'),
(406, 'Damien Triegaardt', '/bookingsystem/web/admin/promotions.php', '2019-02-06 13:19:14'),
(407, 'Damien Triegaardt', '/bookingsystem/web/admin/promotions_edit.php', '2019-02-06 13:19:43'),
(408, 'Damien Triegaardt', '/bookingsystem/web/admin/promotions_edit.php', '2019-02-06 13:19:56'),
(409, 'Damien Triegaardt', '/bookingsystem/web/admin/promotions.php', '2019-02-06 13:21:56'),
(410, 'Damien Triegaardt', '/bookingsystem/web/admin/promotions_edit.php', '2019-02-06 13:22:03'),
(411, 'Damien Triegaardt', '/bookingsystem/web/admin/promotions_edit.php', '2019-02-06 13:22:31'),
(412, 'Damien Triegaardt', '/bookingsystem/web/admin/promotions.php', '2019-02-06 13:22:35'),
(413, 'Damien Triegaardt', '/bookingsystem/web/admin/promotions_edit.php', '2019-02-06 13:22:40'),
(414, 'Damien Triegaardt', '/bookingsystem/web/admin/promotions.php', '2019-02-06 13:23:14'),
(415, 'Damien Triegaardt', '/bookingsystem/web/admin/promotions_edit.php', '2019-02-06 13:23:17'),
(416, 'Damien Triegaardt', '/bookingsystem/web/admin/promotions_edit.php', '2019-02-06 13:23:38'),
(417, 'Damien Triegaardt', '/bookingsystem/web/admin/promotions_edit.php', '2019-02-06 13:23:41'),
(418, 'Damien Triegaardt', '/bookingsystem/web/admin/promotions_edit.php', '2019-02-06 13:23:42'),
(419, 'Damien Triegaardt', '/bookingsystem/web/admin/promotions_edit.php', '2019-02-06 13:23:45'),
(420, 'Damien Triegaardt', '/bookingsystem/web/admin/promotions_edit.php', '2019-02-06 13:23:46'),
(421, 'Damien Triegaardt', '/bookingsystem/web/admin/promotions_edit.php', '2019-02-06 13:23:50'),
(422, 'Damien Triegaardt', '/bookingsystem/web/admin/promotions_edit.php', '2019-02-06 13:23:52'),
(423, 'Damien Triegaardt', '/bookingsystem/web/admin/promotions_edit.php', '2019-02-06 13:24:22'),
(424, 'Damien Triegaardt', '/bookingsystem/web/admin/promotions_edit.php', '2019-02-06 13:24:28'),
(425, 'Damien Triegaardt', '/bookingsystem/web/admin/promotions_edit.php', '2019-02-06 13:26:07'),
(426, 'Matteo Cannas', '/BookingSystem/web/admin/vehicles.php', '2019-02-06 13:26:12'),
(427, 'Damien Triegaardt', '/bookingsystem/web/admin/promotions.php', '2019-02-06 13:26:12'),
(428, 'Matteo Cannas', '/BookingSystem/web/admin/vehicles.php', '2019-02-06 13:26:19'),
(429, 'Damien Triegaardt', '/bookingsystem/web/admin/promotions_edit.php', '2019-02-06 13:26:54'),
(430, 'Damien Triegaardt', '/bookingsystem/web/admin/promotions_edit.php', '2019-02-06 13:26:57'),
(431, 'Damien Triegaardt', '/bookingsystem/web/admin/promotions_edit.php', '2019-02-06 13:27:13'),
(432, 'Matteo Cannas', '/BookingSystem/web/admin/vehicles.php', '2019-02-06 13:27:57'),
(433, 'Damien Triegaardt', '/bookingsystem/web/admin/promotions_edit.php', '2019-02-06 13:28:27'),
(434, 'Damien Triegaardt', '/bookingsystem/web/admin/promotions_edit.php', '2019-02-06 13:28:46'),
(435, 'Damien Triegaardt', '/bookingsystem/web/admin/promotions.php', '2019-02-06 13:28:47'),
(436, 'Damien Triegaardt', '/bookingsystem/web/admin/promotions_edit.php', '2019-02-06 13:28:50'),
(437, 'Matteo Cannas', '/BookingSystem/web/admin/vehicles_edit.php', '2019-02-06 13:28:52'),
(438, 'Damien Triegaardt', '/bookingsystem/web/admin/promotions_edit.php', '2019-02-06 13:28:56'),
(439, 'Damien Triegaardt', '/bookingsystem/web/admin/promotions_edit.php', '2019-02-06 13:30:55'),
(440, 'Damien Triegaardt', '/bookingsystem/web/admin/promotions.php', '2019-02-06 13:30:56'),
(441, 'Damien Triegaardt', '/bookingsystem/web/admin/promotions.php', '2019-02-06 13:30:58'),
(442, 'Damien Triegaardt', '/bookingsystem/web/admin/promotions_edit.php', '2019-02-06 13:31:02'),
(443, 'Damien Triegaardt', '/bookingsystem/web/admin/promotions_edit.php', '2019-02-06 13:31:06'),
(444, 'Damien Triegaardt', '/bookingsystem/web/admin/promotions_edit.php', '2019-02-06 13:33:33'),
(445, 'Damien Triegaardt', '/bookingsystem/web/admin/promotions.php', '2019-02-06 13:33:34'),
(446, 'Damien Triegaardt', '/bookingsystem/web/admin/promotions.php', '2019-02-06 13:33:35'),
(447, 'Damien Triegaardt', '/bookingsystem/web/admin/promotions_edit.php', '2019-02-06 13:33:38'),
(448, 'Damien Triegaardt', '/bookingsystem/web/admin/promotions_edit.php', '2019-02-06 13:33:40'),
(449, 'Damien Triegaardt', '/bookingsystem/web/admin/promotions.php', '2019-02-06 13:33:40'),
(450, 'Damien Triegaardt', '/bookingsystem/web/admin/promotions_edit.php', '2019-02-06 13:33:44'),
(451, 'Damien Triegaardt', '/bookingsystem/web/admin/promotions_edit.php', '2019-02-06 13:33:49'),
(452, 'Damien Triegaardt', '/bookingsystem/web/admin/promotions.php', '2019-02-06 13:33:49'),
(453, 'Damien Triegaardt', '/bookingsystem/web/admin/promotions_edit.php', '2019-02-06 13:33:55'),
(454, 'Tobe Thankachan', '/bookingsystem/web/api.php', '2019-02-06 13:34:06'),
(455, 'Damien Triegaardt', '/bookingsystem/web/admin/promotions_edit.php', '2019-02-06 13:34:40'),
(456, 'Damien Triegaardt', '/bookingsystem/web/admin/promotions.php', '2019-02-06 13:34:40'),
(457, 'Gerard Nolan', '/bookingsystem/web/index.php', '2019-02-06 13:35:39'),
(458, 'Gerard Nolan', '/bookingsystem/web/browse.php', '2019-02-06 13:35:42'),
(459, 'Damien Triegaardt', '/bookingsystem/web/admin/promotions_edit.php', '2019-02-06 13:36:20'),
(460, 'Damien Triegaardt', '/bookingsystem/web/admin/promotions_edit.php', '2019-02-06 13:36:28'),
(461, 'Damien Triegaardt', '/bookingsystem/web/admin/promotions.php', '2019-02-06 13:36:28'),
(462, 'Damien Triegaardt', '/bookingsystem/web/admin/promotions_edit.php', '2019-02-06 13:36:32'),
(463, 'Damien Triegaardt', '/bookingsystem/web/admin/promotions_edit.php', '2019-02-06 13:36:38'),
(464, 'Damien Triegaardt', '/bookingsystem/web/admin/promotions.php', '2019-02-06 13:36:38'),
(465, 'Damien Triegaardt', '/bookingsystem/web/admin/promotions_edit.php', '2019-02-06 13:36:41'),
(466, 'Damien Triegaardt', '/bookingsystem/web/admin/promotions_edit.php', '2019-02-06 13:36:45'),
(467, 'Tobe Thankachan', '/bookingsystem/web/api.php', '2019-02-06 13:36:45'),
(468, 'Damien Triegaardt', '/bookingsystem/web/admin/promotions.php', '2019-02-06 13:36:45'),
(469, 'Gerard Nolan', '/bookingsystem/web/browse.php', '2019-02-06 13:39:26'),
(470, 'Gerard Nolan', '/bookingsystem/web/browse.php', '2019-02-06 13:41:53'),
(471, 'Tobe Thankachan', '/BookingSystem/web/index.php', '2019-02-06 13:48:37'),
(472, 'Tobe Thankachan', '/BookingSystem/web/index.php', '2019-02-06 13:48:49'),
(473, 'Tobe Thankachan', '/BookingSystem/web/api.php', '2019-02-06 13:48:49'),
(474, 'Tobe Thankachan', '/BookingSystem/web/index.php', '2019-02-06 13:49:10'),
(475, 'Tobe Thankachan', '/BookingSystem/web/api.php', '2019-02-06 13:49:10'),
(476, 'Tobe Thankachan', '/BookingSystem/web/index.php', '2019-02-06 13:49:11'),
(477, 'Tobe Thankachan', '/BookingSystem/web/api.php', '2019-02-06 13:49:11'),
(478, 'Tobe Thankachan', '/BookingSystem/web/index.php', '2019-02-06 13:49:15'),
(479, 'Tobe Thankachan', '/BookingSystem/web/api.php', '2019-02-06 13:49:15'),
(480, 'Tobe Thankachan', '/BookingSystem/web/admin/index.php', '2019-02-06 13:49:26'),
(481, 'Tobe Thankachan', '/BookingSystem/web/api.php', '2019-02-06 13:49:27'),
(482, 'Tobe Thankachan', '/BookingSystem/web/admin/promotions.php', '2019-02-06 13:49:29'),
(483, 'Tobe Thankachan', '/BookingSystem/web/admin/promotions_edit.php', '2019-02-06 13:49:33'),
(484, 'Tobe Thankachan', '/BookingSystem/web/admin/promotions.php', '2019-02-06 13:49:36'),
(485, 'Tobe Thankachan', '/BookingSystem/web/admin/promotions_edit.php', '2019-02-06 13:49:46'),
(486, 'Tobe Thankachan', '/BookingSystem/web/admin/promotions.php', '2019-02-06 13:49:50'),
(487, 'Tobe Thankachan', '/BookingSystem/web/index.php', '2019-02-06 13:55:02'),
(488, 'Tobe Thankachan', '/BookingSystem/web/api.php', '2019-02-06 13:55:02'),
(489, 'Tobe Thankachan', '/BookingSystem/web/index.php', '2019-02-06 13:56:29'),
(490, 'Tobe Thankachan', '/BookingSystem/web/api.php', '2019-02-06 13:56:29'),
(491, 'Tobe Thankachan', '/BookingSystem/web/index.php', '2019-02-06 13:56:30'),
(492, 'Tobe Thankachan', '/BookingSystem/web/api.php', '2019-02-06 13:56:30'),
(493, 'Tobe Thankachan', '/BookingSystem/web/index.php', '2019-02-06 13:56:31'),
(494, 'Tobe Thankachan', '/BookingSystem/web/api.php', '2019-02-06 13:56:31'),
(495, 'Tobe Thankachan', '/BookingSystem/web/index.php', '2019-02-06 13:56:31'),
(496, 'Tobe Thankachan', '/BookingSystem/web/api.php', '2019-02-06 13:56:31'),
(497, 'Tobe Thankachan', '/BookingSystem/web/index.php', '2019-02-06 13:56:32'),
(498, 'Tobe Thankachan', '/BookingSystem/web/api.php', '2019-02-06 13:56:32'),
(499, 'Tobe Thankachan', '/BookingSystem/web/index.php', '2019-02-06 13:56:32'),
(500, 'Tobe Thankachan', '/BookingSystem/web/api.php', '2019-02-06 13:56:32'),
(501, 'Tobe Thankachan', '/BookingSystem/web/index.php', '2019-02-06 13:56:33'),
(502, 'Tobe Thankachan', '/BookingSystem/web/api.php', '2019-02-06 13:56:33'),
(503, 'Tobe Thankachan', '/BookingSystem/web/index.php', '2019-02-06 13:56:35'),
(504, 'Tobe Thankachan', '/BookingSystem/web/api.php', '2019-02-06 13:56:36'),
(505, 'Matteo Cannas', '/BookingSystem/web/admin/vehicles_edit.php', '2019-02-06 13:57:35'),
(506, 'Matteo Cannas', '/BookingSystem/web/admin/vehicles_edit.php', '2019-02-06 14:00:11'),
(507, 'Matteo Cannas', '/BookingSystem/web/admin/vehicles_edit.php', '2019-02-06 14:01:34'),
(508, 'Matteo Cannas', '/BookingSystem/web/admin/vehicles.php', '2019-02-06 14:02:13'),
(509, 'Matteo Cannas', '/BookingSystem/web/admin/vehicles_edit.php', '2019-02-06 14:02:29'),
(510, 'Paul Neve', '/BookingSystem/test/data_import/vehicle.php', '2019-02-06 14:05:21'),
(511, 'Matteo Cannas', '/BookingSystem/web/admin/vehicles_edit.php', '2019-02-06 14:07:32'),
(512, 'Matteo Cannas', '/BookingSystem/web/admin/vehicles_edit.php', '2019-02-06 14:07:41'),
(513, 'Matteo Cannas', '/BookingSystem/web/admin/vehicles_edit.php', '2019-02-06 14:09:02'),
(514, 'Matteo Cannas', '/BookingSystem/web/admin/vehicles_edit.php', '2019-02-06 14:11:16'),
(515, 'Matteo Cannas', '/BookingSystem/web/admin/vehicles_edit.php', '2019-02-06 14:12:02'),
(516, 'Matteo Cannas', '/BookingSystem/web/admin/vehicles_edit.php', '2019-02-06 14:12:04'),
(517, 'Matteo Cannas', '/BookingSystem/web/admin/vehicles_edit.php', '2019-02-06 14:12:53'),
(518, 'Matteo Cannas', '/BookingSystem/web/admin/vehicles_edit.php', '2019-02-06 14:13:55'),
(519, 'Matteo Cannas', '/BookingSystem/web/admin/vehicles_edit.php', '2019-02-06 14:13:59'),
(520, 'Matteo Cannas', '/BookingSystem/web/admin/vehicles_edit.php', '2019-02-06 14:14:25'),
(521, 'Matteo Cannas', '/BookingSystem/web/admin/vehicles_edit.php', '2019-02-06 14:14:45'),
(522, 'Matteo Cannas', '/BookingSystem/web/admin/vehicles.php', '2019-02-06 14:14:45'),
(523, 'Matteo Cannas', '/BookingSystem/web/admin/vehicles_edit.php', '2019-02-06 14:14:52'),
(524, 'Matteo Cannas', '/BookingSystem/web/admin/vehicles_edit.php', '2019-02-06 14:14:58'),
(525, 'Matteo Cannas', '/BookingSystem/web/admin/vehicles.php', '2019-02-06 14:14:58'),
(526, 'Matteo Cannas', '/BookingSystem/web/admin/vehicles_edit.php', '2019-02-06 14:15:01'),
(527, 'Matteo Cannas', '/BookingSystem/web/admin/vehicles_edit.php', '2019-02-06 14:15:07'),
(528, 'Matteo Cannas', '/BookingSystem/web/admin/vehicles.php', '2019-02-06 14:15:07'),
(529, 'Matteo Cannas', '/BookingSystem/web/admin/vehicles_edit.php', '2019-02-06 14:15:10'),
(530, 'Matteo Cannas', '/BookingSystem/web/admin/vehicles_edit.php', '2019-02-06 14:15:28'),
(531, 'Matteo Cannas', '/BookingSystem/web/admin/vehicles.php', '2019-02-06 14:15:28'),
(532, 'Matteo Cannas', '/BookingSystem/web/admin/vehicles_edit.php', '2019-02-06 14:15:35'),
(533, 'Matteo Cannas', '/BookingSystem/web/admin/vehicles_edit.php', '2019-02-06 14:15:40'),
(534, 'Matteo Cannas', '/BookingSystem/web/admin/vehicles.php', '2019-02-06 14:15:40'),
(535, 'Paul Neve', '/BookingSystem/web/admin/promotions.php', '2019-02-06 14:20:05'),
(536, 'Paul Neve', '/BookingSystem/web/admin/index.php', '2019-02-06 14:20:06'),
(537, 'Paul Neve', '/BookingSystem/web/api.php', '2019-02-06 14:20:06'),
(538, 'Paul Neve', '/BookingSystem/web/index.php', '2019-02-06 14:20:07'),
(539, 'Paul Neve', '/BookingSystem/web/admin/vehicles.php', '2019-02-06 14:20:14'),
(540, 'Paul Neve', '/BookingSystem/web/admin/vehicles_add.php', '2019-02-06 14:20:15'),
(541, 'Matteo Cannas', '/BookingSystem/web/admin/vehicles_edit.php', '2019-02-06 14:24:48'),
(542, 'Matteo Cannas', '/BookingSystem/web/admin/vehicles_edit.php', '2019-02-06 14:25:16'),
(543, 'Matteo Cannas', '/BookingSystem/web/admin/vehicles.php', '2019-02-06 14:25:24'),
(544, 'Matteo Cannas', '/BookingSystem/web/admin/vehicles_edit.php', '2019-02-06 14:25:27'),
(545, 'Matteo Cannas', '/BookingSystem/web/admin/vehicles.php', '2019-02-06 14:25:48'),
(546, 'Matteo Cannas', '/BookingSystem/web/admin/vehicles_add.php', '2019-02-06 14:25:50'),
(547, 'Matteo Cannas', '/BookingSystem/web/admin/vehicles.php', '2019-02-06 14:25:58'),
(548, 'Matteo Cannas', '/BookingSystem/web/admin/vehicles_edit.php', '2019-02-06 14:26:01'),
(549, 'Matteo Cannas', '/BookingSystem/web/admin/vehicles_edit.php', '2019-02-06 14:26:24'),
(550, 'Matteo Cannas', '/BookingSystem/web/admin/vehicles.php', '2019-02-06 14:26:29'),
(551, 'Matteo Cannas', '/BookingSystem/web/admin/vehicles_add.php', '2019-02-06 14:26:31'),
(552, 'Matteo Cannas', '/BookingSystem/web/admin/vehicles.php', '2019-02-06 14:26:36'),
(553, 'Matteo Cannas', '/BookingSystem/web/admin/vehicles_edit.php', '2019-02-06 14:26:39'),
(554, 'Matteo Cannas', '/BookingSystem/web/admin/vehicles_edit.php', '2019-02-06 14:26:43'),
(555, 'Matteo Cannas', '/BookingSystem/web/admin/vehicles.php', '2019-02-06 14:26:43'),
(556, 'Paul Neve', '/BookingSystem/web/index.php', '2019-02-06 14:28:09'),
(557, 'Paul Neve', '/BookingSystem/web/browse.php', '2019-02-06 14:28:14'),
(558, 'Paul Neve', '/BookingSystem/web/browse.php', '2019-02-06 14:33:03'),
(559, 'Paul Neve', '/BookingSystem/web/admin/index.php', '2019-02-06 14:36:06'),
(560, 'Paul Neve', '/BookingSystem/web/api.php', '2019-02-06 14:36:06'),
(561, 'Paul Neve', '/BookingSystem/web/index.php', '2019-02-06 14:36:07'),
(562, 'Paul Neve', '/BookingSystem/web/api.php', '2019-02-06 14:36:07'),
(563, 'Paul Neve', '/BookingSystem/web/index.php', '2019-02-06 14:36:43'),
(564, 'Paul Neve', '/BookingSystem/web/api.php', '2019-02-06 14:36:43'),
(565, 'Paul Neve', '/BookingSystem/web/index.php', '2019-02-06 14:36:44'),
(566, 'Paul Neve', '/BookingSystem/web/api.php', '2019-02-06 14:36:44'),
(567, 'Paul Neve', '/BookingSystem/web/index.php', '2019-02-06 14:36:44'),
(568, 'Paul Neve', '/BookingSystem/web/api.php', '2019-02-06 14:36:44'),
(569, 'Paul Neve', '/BookingSystem/web/index.php', '2019-02-06 14:36:46'),
(570, 'Paul Neve', '/BookingSystem/web/api.php', '2019-02-06 14:36:46'),
(571, 'Paul Neve', '/BookingSystem/web/index.php', '2019-02-06 14:36:47'),
(572, 'Paul Neve', '/BookingSystem/web/api.php', '2019-02-06 14:36:47'),
(573, 'Paul Neve', '/BookingSystem/web/index.php', '2019-02-06 14:36:48'),
(574, 'Paul Neve', '/BookingSystem/web/api.php', '2019-02-06 14:36:48'),
(575, 'Paul Neve', '/BookingSystem/web/index.php', '2019-02-06 14:36:49'),
(576, 'Paul Neve', '/BookingSystem/web/api.php', '2019-02-06 14:36:49'),
(577, 'Paul Neve', '/BookingSystem/web/index.php', '2019-02-06 14:36:49'),
(578, 'Paul Neve', '/BookingSystem/web/api.php', '2019-02-06 14:36:50'),
(579, 'Paul Neve', '/BookingSystem/web/admin/index.php', '2019-02-06 14:38:08'),
(580, 'Paul Neve', '/BookingSystem/web/api.php', '2019-02-06 14:38:09'),
(581, 'Paul Neve', '/BookingSystem/web/admin/promotions.php', '2019-02-06 14:38:13'),
(582, 'Paul Neve', '/BookingSystem/web/admin/promotions_edit.php', '2019-02-06 14:38:16'),
(583, 'Paul Neve', '/BookingSystem/web/admin/promotions.php', '2019-02-06 14:38:29'),
(584, 'Paul Neve', '/BookingSystem/web/admin/promotions_edit.php', '2019-02-06 14:38:31'),
(585, 'Paul Neve', '/BookingSystem/web/admin/promotions.php', '2019-02-06 14:38:32'),
(586, 'Paul Neve', '/BookingSystem/web/admin/promotions_edit.php', '2019-02-06 14:38:33'),
(587, 'Paul Neve', '/BookingSystem/web/admin/promotions.php', '2019-02-06 14:38:35'),
(588, 'Paul Neve', '/BookingSystem/web/admin/promotions_edit.php', '2019-02-06 14:38:52'),
(589, 'Paul Neve', '/BookingSystem/web/admin/promotions.php', '2019-02-06 14:38:54'),
(590, 'Paul Neve', '/BookingSystem/web/admin/promotions_add.php', '2019-02-06 14:38:54'),
(591, 'Paul Neve', '/BookingSystem/web/admin/promotions.php', '2019-02-06 14:39:06'),
(592, 'Paul Neve', '/BookingSystem/web/admin/promotions_edit.php', '2019-02-06 14:39:08'),
(593, 'Paul Neve', '/BookingSystem/web/admin/promotions.php', '2019-02-06 14:40:45'),
(594, 'Matteo Cannas', '/BookingSystem/web/index.php', '2019-02-06 14:43:12'),
(595, 'Matteo Cannas', '/BookingSystem/web/api.php', '2019-02-06 14:43:13'),
(596, 'Matteo Cannas', '/BookingSystem/web/basket.php', '2019-02-06 14:44:21'),
(597, 'Matteo Cannas', '/BookingSystem/web/index.php', '2019-02-06 14:44:56'),
(598, 'Paul Neve', '/BookingSystem/web/index.php', '2019-02-06 14:49:45'),
(599, 'Paul Neve', '/BookingSystem/web/api.php', '2019-02-06 14:49:45'),
(600, '', '/BookingSystem/web/index.php', '2019-02-07 11:32:10'),
(601, '', '/BookingSystem/web/api.php', '2019-02-07 11:32:12'),
(602, '', '/BookingSystem/web/index.php', '2019-02-07 11:37:13'),
(603, '', '/BookingSystem/web/api.php', '2019-02-07 11:37:15'),
(604, '', '/BookingSystem/web/index.php', '2019-02-07 11:37:19'),
(605, '', '/BookingSystem/web/api.php', '2019-02-07 11:37:20'),
(606, '', '/BookingSystem/web/browse.php', '2019-02-07 11:37:22'),
(607, 'Lucas Lawes', '/BookingSystem/web/index.php', '2019-02-07 11:37:34'),
(608, 'Lucas Lawes', '/BookingSystem/web/api.php', '2019-02-07 11:37:34'),
(609, 'Lucas Lawes', '/BookingSystem/web/browse.php', '2019-02-07 11:38:08'),
(610, '', '/BookingSystem/web/admin/vehicles_add.php', '2019-02-07 11:40:30'),
(611, '', '/BookingSystem/web/index.php', '2019-02-07 11:40:34'),
(612, 'Damien Triegaardt', '/bookingsystem/web/admin/promotions.php', '2019-02-07 11:40:53'),
(613, 'Lucas Lawes', '/BookingSystem/web/index.php', '2019-02-07 11:41:14'),
(614, 'Lucas Lawes', '/BookingSystem/web/api.php', '2019-02-07 11:41:14'),
(615, 'Lucas Lawes', '/BookingSystem/web/index.php', '2019-02-07 11:41:24'),
(616, 'Lucas Lawes', '/BookingSystem/web/api.php', '2019-02-07 11:41:25'),
(617, 'Damien Triegaardt', '/bookingsystem/web/admin/index.php', '2019-02-07 11:41:41'),
(618, 'Damien Triegaardt', '/bookingsystem/web/api.php', '2019-02-07 11:41:41'),
(619, 'Damien Triegaardt', '/bookingsystem/web/index.php', '2019-02-07 11:41:42'),
(620, 'Damien Triegaardt', '/bookingsystem/web/api.php', '2019-02-07 11:41:42'),
(621, 'Matteo Cannas', '/BookingSystem/web/index.php', '2019-02-07 11:41:53'),
(622, 'Matteo Cannas', '/BookingSystem/web/api.php', '2019-02-07 11:41:54'),
(623, 'Matteo Cannas', '/BookingSystem/web/admin/vehicles_add.php', '2019-02-07 11:42:19'),
(624, 'Matteo Cannas', '/BookingSystem/web/admin/vehicles.php', '2019-02-07 11:42:24'),
(625, 'Matteo Cannas', '/BookingSystem/web/admin/customers.php', '2019-02-07 11:42:27'),
(626, 'Matteo Cannas', '/BookingSystem/web/admin/customers_edit.php', '2019-02-07 11:42:30'),
(627, 'Matteo Cannas', '/BookingSystem/web/admin/index.php', '2019-02-07 11:42:34'),
(628, 'Matteo Cannas', '/BookingSystem/web/api.php', '2019-02-07 11:42:34'),
(629, 'Matteo Cannas', '/BookingSystem/web/admin/promotions.php', '2019-02-07 11:42:35'),
(630, 'Matteo Cannas', '/BookingSystem/web/admin/promotions_edit.php', '2019-02-07 11:42:39'),
(631, 'Matteo Cannas', '/BookingSystem/web/admin/promotions.php', '2019-02-07 11:42:44'),
(632, 'Matteo Cannas', '/BookingSystem/web/admin/promotions_add.php', '2019-02-07 11:42:49'),
(633, 'Damien Triegaardt', '/bookingsystem/web/admin/index.php', '2019-02-07 11:43:00'),
(634, 'Damien Triegaardt', '/bookingsystem/web/api.php', '2019-02-07 11:43:01'),
(635, 'Damien Triegaardt', '/bookingsystem/web/admin/promotions.php', '2019-02-07 11:43:02'),
(636, 'Damien Triegaardt', '/bookingsystem/web/admin/promotions_add.php', '2019-02-07 11:43:06'),
(637, '', '/BookingSystem/web/browse.php', '2019-02-07 11:43:24'),
(638, 'Lucas Lawes', '/BookingSystem/web/index.php', '2019-02-07 11:43:43'),
(639, 'Lucas Lawes', '/BookingSystem/web/api.php', '2019-02-07 11:43:44'),
(640, 'Lucas Lawes', '/BookingSystem/web/index.php', '2019-02-07 11:44:36'),
(641, 'Lucas Lawes', '/BookingSystem/web/api.php', '2019-02-07 11:44:36'),
(642, 'Lucas Lawes', '/BookingSystem/web/basket_add.php', '2019-02-07 11:44:38'),
(643, 'Lucas Lawes', '/BookingSystem/web/browse.php', '2019-02-07 11:44:38'),
(644, 'Lucas Lawes', '/BookingSystem/web/index.php', '2019-02-07 11:44:44'),
(645, 'Matteo Cannas', '/BookingSystem/web/admin/vehicles.php', '2019-02-07 11:44:49'),
(646, 'Lucas Lawes', '/BookingSystem/web/browse.php', '2019-02-07 11:44:57'),
(647, 'Lucas Lawes', '/BookingSystem/web/basket_add.php', '2019-02-07 11:44:59'),
(648, 'Lucas Lawes', '/BookingSystem/web/basket_add.php', '2019-02-07 11:45:20'),
(649, 'Lucas Lawes', '/BookingSystem/web/index.php', '2019-02-07 11:45:22'),
(650, 'Lucas Lawes', '/BookingSystem/web/api.php', '2019-02-07 11:45:22'),
(651, 'Lucas Lawes', '/BookingSystem/web/basket_add.php', '2019-02-07 11:45:24'),
(652, 'Lucas Lawes', '/BookingSystem/web/index.php', '2019-02-07 11:45:31'),
(653, 'Lucas Lawes', '/BookingSystem/web/api.php', '2019-02-07 11:45:31'),
(654, '', '/BookingSystem/web/browse.php', '2019-02-07 11:45:51'),
(655, '', '/BookingSystem/web/index.php', '2019-02-07 11:45:52'),
(656, '', '/BookingSystem/web/api.php', '2019-02-07 11:45:52'),
(657, '', '/BookingSystem/web/index.php', '2019-02-07 11:45:54'),
(658, '', '/BookingSystem/web/api.php', '2019-02-07 11:45:54'),
(659, 'Matteo Cannas', '/BookingSystem/web/admin/promotions.php', '2019-02-07 11:46:37'),
(660, 'Matteo Cannas', '/BookingSystem/web/admin/promotions_add.php', '2019-02-07 11:46:41'),
(661, 'Matteo Cannas', '/BookingSystem/web/admin/vehicles.php', '2019-02-07 11:47:27'),
(662, 'Damien Triegaardt', '/bookingsystem/web/admin/promotions.php', '2019-02-07 11:47:28'),
(663, 'Damien Triegaardt', '/bookingsystem/web/admin/promotions_edit.php', '2019-02-07 11:47:31'),
(664, 'Matteo Cannas', '/BookingSystem/web/admin/vehicles_add.php', '2019-02-07 11:47:34'),
(665, 'Damien Triegaardt', '/bookingsystem/web/index.php', '2019-02-07 11:47:35'),
(666, 'Damien Triegaardt', '/bookingsystem/web/api.php', '2019-02-07 11:47:35'),
(667, 'Lucas Lawes', '/BookingSystem/web/index.php', '2019-02-07 11:48:46'),
(668, 'Lucas Lawes', '/BookingSystem/web/api.php', '2019-02-07 11:48:47'),
(669, 'Lucas Lawes', '/BookingSystem/web/index.php', '2019-02-07 11:49:40'),
(670, 'Lucas Lawes', '/BookingSystem/web/api.php', '2019-02-07 11:49:41'),
(671, 'Damien Triegaardt', '/bookingsystem/web/admin/index.php', '2019-02-07 11:50:21'),
(672, 'Lucas Lawes', '/BookingSystem/web/index.php', '2019-02-07 11:50:21'),
(673, 'Damien Triegaardt', '/bookingsystem/web/api.php', '2019-02-07 11:50:22'),
(674, 'Lucas Lawes', '/BookingSystem/web/api.php', '2019-02-07 11:50:22'),
(675, 'Damien Triegaardt', '/bookingsystem/web/admin/promotions.php', '2019-02-07 11:50:23'),
(676, 'Lucas Lawes', '/BookingSystem/web/index.php', '2019-02-07 11:50:25'),
(677, 'Lucas Lawes', '/BookingSystem/web/api.php', '2019-02-07 11:50:26'),
(678, 'Damien Triegaardt', '/bookingsystem/web/admin/promotions_edit.php', '2019-02-07 11:50:26'),
(679, 'Lucas Lawes', '/BookingSystem/web/index.php', '2019-02-07 11:50:29'),
(680, 'Lucas Lawes', '/BookingSystem/web/api.php', '2019-02-07 11:50:29'),
(681, 'Lucas Lawes', '/BookingSystem/web/index.php', '2019-02-07 11:50:33');
INSERT INTO `Log` (`id`, `fullName`, `url`, `dateAccessed`) VALUES
(682, 'Lucas Lawes', '/BookingSystem/web/api.php', '2019-02-07 11:50:33'),
(683, 'Damien Triegaardt', '/bookingsystem/web/admin/promotions_edit.php', '2019-02-07 11:50:52'),
(684, 'Damien Triegaardt', '/bookingsystem/web/admin/promotions.php', '2019-02-07 11:50:52'),
(685, 'Lucas Lawes', '/BookingSystem/web/index.php', '2019-02-07 11:51:10'),
(686, 'Lucas Lawes', '/BookingSystem/web/api.php', '2019-02-07 11:51:10'),
(687, 'Lucas Lawes', '/BookingSystem/web/admin/index.php', '2019-02-07 11:52:12'),
(688, 'Lucas Lawes', '/BookingSystem/web/api.php', '2019-02-07 11:52:12'),
(689, 'Lucas Lawes', '/BookingSystem/web/admin/promotions.php', '2019-02-07 11:52:15'),
(690, 'Hamza Mahmood', '/BookingSystem/web/index.php', '2019-02-07 11:53:01'),
(691, 'Hamza Mahmood', '/BookingSystem/web/api.php', '2019-02-07 11:53:01'),
(692, 'Hamza Mahmood', '/BookingSystem/web/admin/index.php', '2019-02-07 11:53:05'),
(693, 'Hamza Mahmood', '/BookingSystem/web/api.php', '2019-02-07 11:53:05'),
(694, 'Hamza Mahmood', '/BookingSystem/web/admin/promotions.php', '2019-02-07 11:53:06'),
(695, 'Hamza Mahmood', '/BookingSystem/web/admin/promotions_edit.php', '2019-02-07 11:53:12'),
(696, 'Lucas Lawes', '/BookingSystem/web/admin/vehicles.php', '2019-02-07 11:53:14'),
(697, 'Hamza Mahmood', '/BookingSystem/web/admin/promotions.php', '2019-02-07 11:53:15'),
(698, 'Hamza Mahmood', '/BookingSystem/web/index.php', '2019-02-07 11:54:06'),
(699, 'Hamza Mahmood', '/BookingSystem/web/api.php', '2019-02-07 11:54:06'),
(700, 'Hamza Mahmood', '/BookingSystem/web/browse.php', '2019-02-07 11:54:08'),
(701, 'Hamza Mahmood', '/BookingSystem/web/index.php', '2019-02-07 11:54:18'),
(702, 'Hamza Mahmood', '/BookingSystem/web/api.php', '2019-02-07 11:54:18'),
(703, 'Lucas Lawes', '/BookingSystem/web/index.php', '2019-02-07 11:54:21'),
(704, 'Lucas Lawes', '/BookingSystem/web/api.php', '2019-02-07 11:54:22'),
(705, 'Hamza Mahmood', '/BookingSystem/web/admin/index.php', '2019-02-07 11:54:27'),
(706, 'Hamza Mahmood', '/BookingSystem/web/api.php', '2019-02-07 11:54:27'),
(707, 'Hamza Mahmood', '/BookingSystem/web/index.php', '2019-02-07 11:54:28'),
(708, 'Hamza Mahmood', '/BookingSystem/web/api.php', '2019-02-07 11:54:28'),
(709, 'Hamza Mahmood', '/BookingSystem/web/browse.php', '2019-02-07 11:54:32'),
(710, 'Hamza Mahmood', '/BookingSystem/web/admin/index.php', '2019-02-07 11:54:33'),
(711, 'Hamza Mahmood', '/BookingSystem/web/api.php', '2019-02-07 11:54:33'),
(712, 'Hamza Mahmood', '/BookingSystem/web/admin/vehicles.php', '2019-02-07 11:54:34'),
(713, 'Hamza Mahmood', '/BookingSystem/web/admin/vehicles_add.php', '2019-02-07 11:54:36'),
(714, 'Hamza Mahmood', '/BookingSystem/web/admin/vehicles.php', '2019-02-07 11:54:39'),
(715, 'Hamza Mahmood', '/BookingSystem/web/index.php', '2019-02-07 12:00:43'),
(716, 'Hamza Mahmood', '/BookingSystem/web/api.php', '2019-02-07 12:00:43'),
(717, 'Hamza Mahmood', '/BookingSystem/web/api.php', '2019-02-07 12:00:51'),
(718, 'Hamza Mahmood', '/BookingSystem/web/api.php', '2019-02-07 12:01:21'),
(719, 'Hamza Mahmood', '/BookingSystem/web/api.php', '2019-02-07 12:01:24'),
(720, 'Hamza Mahmood', '/BookingSystem/web/api.php', '2019-02-07 12:01:52'),
(721, 'Hamza Mahmood', '/BookingSystem/web/api.php', '2019-02-07 12:02:21'),
(722, 'Hamza Mahmood', '/BookingSystem/web/api.php', '2019-02-07 12:02:37'),
(723, 'Matteo Cannas', '/BookingSystem/web/admin/vehicles.php', '2019-02-07 12:03:57'),
(724, 'Matteo Cannas', '/BookingSystem/web/admin/vehicles_edit.php', '2019-02-07 12:04:00'),
(725, 'Matteo Cannas', '/BookingSystem/web/admin/promotions.php', '2019-02-07 12:05:37'),
(726, 'Matteo Cannas', '/BookingSystem/web/admin/vehicles.php', '2019-02-07 12:05:43'),
(727, 'Matteo Cannas', '/BookingSystem/web/admin/vehicles_edit.php', '2019-02-07 12:05:46'),
(728, 'Hamza Mahmood', '/BookingSystem/web/api.php', '2019-02-07 12:05:57'),
(729, 'Hamza Mahmood', '/BookingSystem/web/api.php', '2019-02-07 12:06:32'),
(730, 'Damien Triegaardt', '/bookingsystem/web/admin/promotions_edit.php', '2019-02-07 12:07:06'),
(731, 'Hamza Mahmood', '/BookingSystem/web/api.php', '2019-02-07 12:07:14'),
(732, 'Damien Triegaardt', '/bookingsystem/web/admin/promotions.php', '2019-02-07 12:07:38'),
(733, 'Damien Triegaardt', '/bookingsystem/web/admin/promotions_add.php', '2019-02-07 12:07:40'),
(734, 'Hamza Mahmood', '/BookingSystem/web/api.php', '2019-02-07 12:07:43'),
(735, 'Damien Triegaardt', '/bookingsystem/web/admin/promotions.php', '2019-02-07 12:09:14'),
(736, 'Damien Triegaardt', '/bookingsystem/web/admin/promotions_edit.php', '2019-02-07 12:09:17'),
(737, 'Damien Triegaardt', '/bookingsystem/web/admin/promotions.php', '2019-02-07 12:09:27'),
(738, 'Damien Triegaardt', '/bookingsystem/web/admin/promotions_add.php', '2019-02-07 12:09:28'),
(739, 'Matteo Cannas', '/BookingSystem/web/admin/promotions.php', '2019-02-07 12:12:23'),
(740, 'Matteo Cannas', '/BookingSystem/web/admin/promotions_add.php', '2019-02-07 12:12:26'),
(741, 'Damien Triegaardt', '/bookingsystem/web/admin/promotions.php', '2019-02-07 12:14:02'),
(742, 'Damien Triegaardt', '/bookingsystem/web/admin/promotions_edit.php', '2019-02-07 12:14:05'),
(743, 'Damien Triegaardt', '/bookingsystem/web/admin/promotions.php', '2019-02-07 12:15:29'),
(744, 'Damien Triegaardt', '/bookingsystem/web/admin/promotions_edit.php', '2019-02-07 12:15:31'),
(745, 'Damien Triegaardt', '/bookingsystem/web/admin/promotions_edit.php', '2019-02-07 12:15:42'),
(746, 'Damien Triegaardt', '/bookingsystem/web/admin/promotions.php', '2019-02-07 12:15:42'),
(747, 'Damien Triegaardt', '/bookingsystem/web/admin/promotions_edit.php', '2019-02-07 12:15:46'),
(748, 'Hamza Mahmood', '/BookingSystem/web/index.php', '2019-02-07 12:16:50'),
(749, 'Hamza Mahmood', '/BookingSystem/web/api.php', '2019-02-07 12:16:50'),
(750, 'Hamza Mahmood', '/BookingSystem/web/api.php', '2019-02-07 12:16:50'),
(751, 'Matteo Cannas', '/BookingSystem/web/admin/promotions.php', '2019-02-07 12:18:13'),
(752, 'Hamza Mahmood', '/BookingSystem/web/index.php', '2019-02-07 12:18:15'),
(753, 'Hamza Mahmood', '/BookingSystem/web/api.php', '2019-02-07 12:18:15'),
(754, 'Hamza Mahmood', '/BookingSystem/web/api.php', '2019-02-07 12:18:15'),
(755, 'Hamza Mahmood', '/BookingSystem/web/basket_add.php', '2019-02-07 12:18:17'),
(756, 'Hamza Mahmood', '/BookingSystem/web/index.php', '2019-02-07 12:18:19'),
(757, 'Matteo Cannas', '/BookingSystem/web/admin/promotions_edit.php', '2019-02-07 12:18:20'),
(758, 'Hamza Mahmood', '/BookingSystem/web/basket_add.php', '2019-02-07 12:18:35'),
(759, 'Hamza Mahmood', '/BookingSystem/web/index.php', '2019-02-07 12:18:39'),
(760, 'Hamza Mahmood', '/BookingSystem/web/basket_add.php', '2019-02-07 12:18:41'),
(761, 'Hamza Mahmood', '/BookingSystem/web/index.php', '2019-02-07 12:18:43'),
(762, 'Lucas Lawes', '/BookingSystem/web/admin/vehicles.php', '2019-02-07 12:20:03'),
(763, 'Lucas Lawes', '/BookingSystem/web/admin/index.php', '2019-02-07 12:20:07'),
(764, 'Lucas Lawes', '/BookingSystem/web/api.php', '2019-02-07 12:20:07'),
(765, 'Hamza Mahmood', '/BookingSystem/web/admin/index.php', '2019-02-07 12:20:13'),
(766, 'Hamza Mahmood', '/BookingSystem/web/api.php', '2019-02-07 12:20:13'),
(767, 'Lucas Lawes', '/BookingSystem/web/admin/promotions.php', '2019-02-07 12:20:14'),
(768, 'Hamza Mahmood', '/BookingSystem/web/admin/promotions.php', '2019-02-07 12:20:14'),
(769, 'Lucas Lawes', '/BookingSystem/web/admin/promotions_edit.php', '2019-02-07 12:20:58'),
(770, 'Lucas Lawes', '/BookingSystem/web/admin/promotions.php', '2019-02-07 12:21:06'),
(771, 'Lucas Lawes', '/BookingSystem/web/admin/promotions_edit.php', '2019-02-07 12:21:12'),
(772, 'Damien Triegaardt', '/bookingsystem/web/admin/promotions_edit.php', '2019-02-07 12:23:23'),
(773, 'Hamza Mahmood', '/BookingSystem/web/index.php', '2019-02-07 12:27:03'),
(774, 'Hamza Mahmood', '/BookingSystem/web/api.php', '2019-02-07 12:27:04'),
(775, 'Hamza Mahmood', '/BookingSystem/web/api.php', '2019-02-07 12:27:04'),
(776, 'Hamza Mahmood', '/BookingSystem/web/admin/promotions.php', '2019-02-07 12:27:31'),
(777, 'Damien Triegaardt', '/bookingsystem/web/admin/promotions.php', '2019-02-07 12:27:52'),
(778, 'Damien Triegaardt', '/bookingsystem/web/admin/promotions_edit.php', '2019-02-07 12:27:55'),
(779, 'Lucas Lawes', '/BookingSystem/web/admin/index.php', '2019-02-07 12:27:59'),
(780, 'Lucas Lawes', '/BookingSystem/web/api.php', '2019-02-07 12:27:59'),
(781, 'Damien Triegaardt', '/bookingsystem/web/admin/promotions.php', '2019-02-07 12:28:01'),
(782, 'Lucas Lawes', '/BookingSystem/web/admin/promotions.php', '2019-02-07 12:28:28'),
(783, 'Lucas Lawes', '/BookingSystem/web/admin/promotions_edit.php', '2019-02-07 12:28:34'),
(784, 'Lucas Lawes', '/BookingSystem/web/admin/promotions.php', '2019-02-07 12:28:36'),
(785, 'Lucas Lawes', '/BookingSystem/web/admin/promotions_edit.php', '2019-02-07 12:28:39'),
(786, 'Lucas Lawes', '/BookingSystem/web/admin/promotions.php', '2019-02-07 12:28:42'),
(787, 'Lucas Lawes', '/BookingSystem/web/admin/promotions.php', '2019-02-07 12:28:52'),
(788, 'Lucas Lawes', '/BookingSystem/web/admin/promotions.php', '2019-02-07 12:28:54'),
(789, 'Lucas Lawes', '/BookingSystem/web/admin/promotions.php', '2019-02-07 12:28:55'),
(790, 'Lucas Lawes', '/BookingSystem/web/admin/promotions.php', '2019-02-07 12:28:57'),
(791, 'Lucas Lawes', '/BookingSystem/web/admin/promotions.php', '2019-02-07 12:28:59'),
(792, 'Lucas Lawes', '/BookingSystem/web/admin/promotions.php', '2019-02-07 12:29:01'),
(793, 'Hamza Mahmood', '/BookingSystem/web/admin/promotions.php', '2019-02-07 12:29:09'),
(794, 'Hamza Mahmood', '/BookingSystem/web/index.php', '2019-02-07 12:29:13'),
(795, 'Hamza Mahmood', '/BookingSystem/web/api.php', '2019-02-07 12:29:13'),
(796, 'Hamza Mahmood', '/BookingSystem/web/api.php', '2019-02-07 12:29:13'),
(797, 'Lucas Lawes', '/BookingSystem/web/admin/promotions_edit.php', '2019-02-07 12:29:27'),
(798, 'Damien Triegaardt', '/bookingsystem/web/index.php', '2019-02-07 12:30:43'),
(799, 'Lucas Lawes', '/BookingSystem/web/admin/promotions_edit.php', '2019-02-07 12:30:43'),
(800, 'Lucas Lawes', '/BookingSystem/web/admin/promotions.php', '2019-02-07 12:30:43'),
(801, 'Damien Triegaardt', '/bookingsystem/web/api.php', '2019-02-07 12:30:43'),
(802, 'Damien Triegaardt', '/bookingsystem/web/api.php', '2019-02-07 12:30:43'),
(803, 'Hamza Mahmood', '/BookingSystem/web/index.php', '2019-02-07 12:30:50'),
(804, 'Hamza Mahmood', '/BookingSystem/web/api.php', '2019-02-07 12:30:50'),
(805, 'Hamza Mahmood', '/BookingSystem/web/api.php', '2019-02-07 12:30:50'),
(806, 'Damien Triegaardt', '/bookingsystem/web/bookings.php', '2019-02-07 12:30:55'),
(807, 'Damien Triegaardt', '/bookingsystem/web/admin/index.php', '2019-02-07 12:31:00'),
(808, 'Damien Triegaardt', '/bookingsystem/web/api.php', '2019-02-07 12:31:00'),
(809, 'Damien Triegaardt', '/bookingsystem/web/admin/promotions.php', '2019-02-07 12:31:02'),
(810, 'Hamza Mahmood', '/BookingSystem/web/index.php', '2019-02-07 12:31:52'),
(811, 'Hamza Mahmood', '/BookingSystem/web/api.php', '2019-02-07 12:31:52'),
(812, 'Hamza Mahmood', '/BookingSystem/web/api.php', '2019-02-07 12:31:52'),
(813, 'Hamza Mahmood', '/BookingSystem/web/index.php', '2019-02-07 12:32:11'),
(814, 'Hamza Mahmood', '/BookingSystem/web/api.php', '2019-02-07 12:32:11'),
(815, 'Hamza Mahmood', '/BookingSystem/web/api.php', '2019-02-07 12:32:11'),
(816, 'Hamza Mahmood', '/BookingSystem/web/index.php', '2019-02-07 12:32:25'),
(817, 'Hamza Mahmood', '/BookingSystem/web/api.php', '2019-02-07 12:32:25'),
(818, 'Hamza Mahmood', '/BookingSystem/web/api.php', '2019-02-07 12:32:25'),
(819, 'Hamza Mahmood', '/BookingSystem/web/index.php', '2019-02-07 12:32:33'),
(820, 'Hamza Mahmood', '/BookingSystem/web/api.php', '2019-02-07 12:32:33'),
(821, 'Hamza Mahmood', '/BookingSystem/web/api.php', '2019-02-07 12:32:33'),
(822, 'Hamza Mahmood', '/BookingSystem/web/index.php', '2019-02-07 12:41:42'),
(823, 'Hamza Mahmood', '/BookingSystem/web/api.php', '2019-02-07 12:41:42'),
(824, 'Hamza Mahmood', '/BookingSystem/web/api.php', '2019-02-07 12:41:42'),
(825, 'Hamza Mahmood', '/BookingSystem/web/index.php', '2019-02-07 12:42:35'),
(826, 'Hamza Mahmood', '/BookingSystem/web/api.php', '2019-02-07 12:42:35'),
(827, 'Hamza Mahmood', '/BookingSystem/web/api.php', '2019-02-07 12:42:35'),
(828, 'Hamza Mahmood', '/BookingSystem/web/index.php', '2019-02-07 12:42:59'),
(829, 'Hamza Mahmood', '/BookingSystem/web/api.php', '2019-02-07 12:42:59'),
(830, 'Hamza Mahmood', '/BookingSystem/web/api.php', '2019-02-07 12:42:59'),
(831, 'Hamza Mahmood', '/BookingSystem/web/index.php', '2019-02-07 12:43:38'),
(832, 'Hamza Mahmood', '/BookingSystem/web/api.php', '2019-02-07 12:43:38'),
(833, 'Hamza Mahmood', '/BookingSystem/web/api.php', '2019-02-07 12:43:38'),
(834, 'Hamza Mahmood', '/BookingSystem/web/index.php', '2019-02-07 12:43:51'),
(835, 'Hamza Mahmood', '/BookingSystem/web/api.php', '2019-02-07 12:43:51'),
(836, 'Hamza Mahmood', '/BookingSystem/web/api.php', '2019-02-07 12:43:51'),
(837, 'Hamza Mahmood', '/BookingSystem/web/index.php', '2019-02-07 12:44:04'),
(838, 'Hamza Mahmood', '/BookingSystem/web/api.php', '2019-02-07 12:44:04'),
(839, 'Hamza Mahmood', '/BookingSystem/web/api.php', '2019-02-07 12:44:04'),
(840, 'Hamza Mahmood', '/BookingSystem/web/index.php', '2019-02-07 12:45:26'),
(841, 'Hamza Mahmood', '/BookingSystem/web/api.php', '2019-02-07 12:45:26'),
(842, 'Hamza Mahmood', '/BookingSystem/web/api.php', '2019-02-07 12:45:26'),
(843, '', '/BookingSystem/web/index.php', '2019-02-07 13:21:58'),
(844, '', '/BookingSystem/web/api.php', '2019-02-07 13:21:59'),
(845, '', '/BookingSystem/web/api.php', '2019-02-07 13:21:59'),
(846, '', '/k1736700/BookingSystem/web/index.php', '2019-02-11 14:21:26'),
(847, '', '/k1736700/BookingSystem/web/basket.php', '2019-02-11 14:21:36'),
(848, '', '/k1736700/BookingSystem/web/index.php', '2019-02-11 14:21:40'),
(849, '', '/k1736700/BookingSystem/web/browse.php', '2019-02-11 14:21:55'),
(850, '', '/k1736700/BookingSystem/web/browse.php', '2019-02-11 14:21:59'),
(851, '', '/k1736700/BookingSystem/web/basket_add.php', '2019-02-11 14:22:01'),
(852, '', '/k1736700/BookingSystem/web/basket_add.php', '2019-02-11 14:22:04'),
(853, '', '/k1736700/BookingSystem/web/browse.php', '2019-02-11 14:22:04'),
(854, '', '/k1736700/BookingSystem/web/basket.php', '2019-02-11 14:22:06'),
(855, '', '/k1736700/BookingSystem/web/browse.php', '2019-02-11 14:22:18'),
(856, '', '/k1736700/BookingSystem/web/basket_add.php', '2019-02-11 14:22:20'),
(857, '', '/k1736700/BookingSystem/web/signup.php', '2019-02-11 14:23:00'),
(858, '', '/k1736700/BookingSystem/web/basket_add.php', '2019-02-11 14:23:02'),
(859, '', '/k1736700/BookingSystem/web/index.php', '2019-02-11 14:23:24'),
(860, '', '/k1736700/BookingSystem/web/index.php', '2019-02-11 14:23:39'),
(861, '', '/k1736700/BookingSystem/web/index.php', '2019-02-11 14:23:56'),
(862, '', '/k1736700/BookingSystem/web/basket.php', '2019-02-11 14:24:08'),
(863, '', '/k1736700/BookingSystem/web/checkout.php', '2019-02-11 14:24:18'),
(864, '', '/k1736700/BookingSystem/web/browse.php', '2019-02-11 14:24:33'),
(865, '', '/k1736700/BookingSystem/web/browse.php', '2019-02-11 14:56:44'),
(866, '', '/k1736700/BookingSystem/web/checkout.php', '2019-02-11 14:56:44'),
(867, '', '/k1736700/BookingSystem/web/browse.php', '2019-02-11 14:56:46'),
(868, '', '/k1736700/BookingSystem/web/browse.php', '2019-02-11 14:56:47'),
(869, '', '/k1736700/BookingSystem/web/basket_add.php', '2019-02-11 14:56:49'),
(870, '', '/k1736700/BookingSystem/web/basket_add.php', '2019-02-11 14:56:51'),
(871, '', '/k1736700/BookingSystem/web/browse.php', '2019-02-11 14:56:51'),
(872, '', '/k1736700/BookingSystem/web/basket.php', '2019-02-11 14:56:52'),
(873, '', '/k1736700/BookingSystem/web/index.php', '2019-02-11 15:27:52'),
(874, '', '/k1736700/BookingSystem/web/index.php', '2019-02-11 15:27:57'),
(875, '', '/k1736700/BookingSystem/web/index.php', '2019-02-13 13:06:51'),
(876, '', '/k1736700/BookingSystem/web/basket.php', '2019-02-13 13:07:16'),
(877, '', '/k1736700/BookingSystem/web/basket.php', '2019-02-13 13:08:37'),
(878, '', '/k1736700/BookingSystem/web/browse.php', '2019-02-13 13:09:13'),
(879, '', '/k1736700/BookingSystem/web/index.php', '2019-02-13 13:09:13'),
(880, '', '/k1736700/BookingSystem/web/browse.php', '2019-02-13 13:09:14'),
(881, '', '/k1736700/BookingSystem/web/index.php', '2019-02-13 13:09:28'),
(882, '', '/k1736700/BookingSystem/web/browse.php', '2019-02-13 13:09:30'),
(883, '', '/k1736700/BookingSystem/web/index.php', '2019-02-13 13:09:31'),
(884, '', '/k1736700/BookingSystem/web/browse.php', '2019-02-13 13:09:31'),
(885, '', '/k1736700/BookingSystem/web/browse.php', '2019-02-13 13:10:06'),
(886, '', '/k1736700/BookingSystem/web/signin.php', '2019-02-13 13:11:06'),
(887, '', '/k1736700/BookingSystem/web/browse.php', '2019-02-13 13:11:11'),
(888, '', '/k1736700/BookingSystem/web/browse.php', '2019-02-13 13:11:19'),
(889, '', '/k1736700/BookingSystem/web/index.php', '2019-02-13 13:11:27'),
(890, '', '/k1736700/BookingSystem/web/index.php', '2019-02-13 18:34:35'),
(891, '', '/k1736700/BookingSystem/web/browse.php', '2019-02-13 18:35:33'),
(892, '', '/k1736700/BookingSystem/web/browse.php', '2019-02-13 18:35:47'),
(893, '', '/k1736700/BookingSystem/web/browse.php', '2019-02-13 18:35:49'),
(894, '', '/k1736700/BookingSystem/web/browse.php', '2019-02-13 18:35:52'),
(895, '', '/k1736700/BookingSystem/web/basket_add.php', '2019-02-13 18:36:17'),
(896, '', '/k1736700/BookingSystem/web/basket_add.php', '2019-02-13 18:36:33'),
(897, '', '/k1736700/BookingSystem/web/browse.php', '2019-02-13 18:36:33'),
(898, '', '/k1736700/BookingSystem/web/basket.php', '2019-02-13 18:36:35'),
(899, '', '/k1736700/BookingSystem/web/checkout.php', '2019-02-13 18:36:40'),
(900, '', '/k1736700/BookingSystem/web/signin.php', '2019-02-13 18:36:52'),
(901, '', '/k1736700/BookingSystem/web/index.php', '2019-02-13 18:37:06'),
(902, '', '/k1736700/BookingSystem/web/browse.php', '2019-02-13 18:37:07'),
(903, '', '/k1736700/BookingSystem/web/browse.php', '2019-02-13 18:37:24'),
(904, '', '/k1736700/BookingSystem/web/index.php', '2019-02-13 21:51:05'),
(905, '', '/k1736700/BookingSystem/web/index.php', '2019-02-14 11:06:23'),
(906, '', '/k1736700/BookingSystem/web/index.php', '2019-02-14 11:14:10'),
(907, '', '/k1736700/BookingSystem/web/index.php', '2019-02-14 11:15:53'),
(908, '', '/k1736700/BookingSystem/web/index.php', '2019-02-14 11:18:00'),
(909, '', '/k1736700/BookingSystem/web/index.php', '2019-02-14 11:21:09'),
(910, '', '/k1736700/BookingSystem/web/index.php', '2019-02-14 11:21:26'),
(911, '', '/k1736700/BookingSystem/web/index.php', '2019-02-14 11:21:31'),
(912, '', '/k1736700/BookingSystem/web/index.php', '2019-02-14 11:25:38'),
(913, '', '/k1736700/BookingSystem/web/index.php', '2019-02-14 19:31:16'),
(914, '', '/k1736700/BookingSystem/web/browse.php', '2019-02-14 19:31:41'),
(915, '', '/k1736700/BookingSystem/web/basket_add.php', '2019-02-14 19:31:46'),
(916, '', '/k1736700/BookingSystem/web/basket_add.php', '2019-02-14 19:31:52'),
(917, '', '/k1736700/BookingSystem/web/browse.php', '2019-02-14 19:31:52'),
(918, '', '/k1736700/BookingSystem/web/basket.php', '2019-02-14 19:31:54'),
(919, '', '/k1736700/BookingSystem/web/checkout.php', '2019-02-14 19:31:59'),
(920, '', '/k1736700/BookingSystem/web/browse.php', '2019-02-14 19:32:05'),
(921, '', '/k1736700/BookingSystem/web/browse.php', '2019-02-14 19:32:14'),
(922, '', '/k1736700/BookingSystem/web/browse.php', '2019-02-14 19:32:19'),
(923, '', '/k1736700/BookingSystem/web/browse.php', '2019-02-14 19:39:32'),
(924, '', '/k1736700/BookingSystem/web/browse.php', '2019-02-14 19:39:35'),
(925, '', '/k1736700/BookingSystem/web/browse.php', '2019-02-14 19:39:46'),
(926, '', '/k1736700/BookingSystem/web/basket.php', '2019-02-14 19:39:51'),
(927, '', '/k1736700/BookingSystem/web/signin.php', '2019-02-14 19:39:53'),
(928, '', '/k1736700/BookingSystem/web/signup.php', '2019-02-14 19:39:54'),
(929, '', '/k1736700/BookingSystem/web/index.php', '2019-02-14 19:40:16'),
(930, '', '/k1736700/BookingSystem/web/signup.php', '2019-02-14 19:40:25'),
(931, '', '/k1736700/BookingSystem/web/signup.php', '2019-02-14 19:41:19'),
(932, 'dfgf rthdth', '/k1736700/BookingSystem/web/index.php', '2019-02-14 19:41:19'),
(933, 'dfgf rthdth', '/k1736700/BookingSystem/web/bookings.php', '2019-02-14 19:41:23'),
(934, 'dfgf rthdth', '/k1736700/BookingSystem/web/basket.php', '2019-02-14 19:41:26'),
(935, 'dfgf rthdth', '/k1736700/BookingSystem/web/bookings.php', '2019-02-14 19:41:27'),
(936, 'dfgf rthdth', '/k1736700/BookingSystem/web/browse.php', '2019-02-14 19:41:29'),
(937, 'dfgf rthdth', '/k1736700/BookingSystem/web/basket_add.php', '2019-02-14 19:41:31'),
(938, 'dfgf rthdth', '/k1736700/BookingSystem/web/basket_add.php', '2019-02-14 19:41:32'),
(939, 'dfgf rthdth', '/k1736700/BookingSystem/web/browse.php', '2019-02-14 19:41:33'),
(940, 'dfgf rthdth', '/k1736700/BookingSystem/web/basket.php', '2019-02-14 19:41:35'),
(941, 'dfgf rthdth', '/k1736700/BookingSystem/web/checkout.php', '2019-02-14 19:41:36'),
(942, 'dfgf rthdth', '/k1736700/BookingSystem/web/browse.php', '2019-02-14 19:41:39'),
(943, 'dfgf rthdth', '/k1736700/BookingSystem/web/basket.php', '2019-02-14 19:41:40'),
(944, 'dfgf rthdth', '/k1736700/BookingSystem/web/bookings.php', '2019-02-14 19:41:42'),
(945, 'dfgf rthdth', '/k1736700/BookingSystem/web/browse.php', '2019-02-14 19:41:48'),
(946, 'dfgf rthdth', '/k1736700/BookingSystem/web/signout.php', '2019-02-14 19:41:52'),
(947, '', '/k1736700/BookingSystem/web/index.php', '2019-02-14 19:41:52'),
(948, '', '/k1736700/BookingSystem/web/index.php', '2019-02-15 21:38:28'),
(949, '', '/k1736700/BookingSystem/web/index.php', '2019-02-16 04:41:05'),
(950, '', '/k1736700/BookingSystem/web/api.php', '2019-02-16 04:41:05'),
(951, '', '/k1736700/BookingSystem/web/api.php', '2019-02-16 04:41:05'),
(952, '', '/k1736700/BookingSystem/web/browse.php', '2019-02-16 04:42:21'),
(953, '', '/k1736700/BookingSystem/web/basket_add.php', '2019-02-16 04:42:32'),
(954, '', '/k1736700/BookingSystem/web/basket_add.php', '2019-02-16 04:42:56'),
(955, '', '/k1736700/BookingSystem/web/browse.php', '2019-02-16 04:42:56'),
(956, '', '/k1736700/BookingSystem/web/basket.php', '2019-02-16 04:42:59'),
(957, '', '/k1736700/BookingSystem/web/browse.php', '2019-02-16 04:43:17'),
(958, '', '/k1736700/BookingSystem/web/browse.php', '2019-02-16 04:43:37'),
(959, '', '/k1736700/BookingSystem/web/basket.php', '2019-02-16 04:44:20'),
(960, '', '/k1736700/BookingSystem/web/signin.php', '2019-02-16 04:44:22'),
(961, 'Lucas Lawes', '/k1736700/BookingSystem/web/signin.php', '2019-02-16 04:44:28'),
(962, 'Lucas Lawes', '/k1736700/BookingSystem/web/checkout.php', '2019-02-16 04:44:28'),
(963, 'Lucas Lawes', '/k1736700/BookingSystem/web/basket.php', '2019-02-16 04:45:05'),
(964, 'Lucas Lawes', '/k1736700/BookingSystem/web/browse.php', '2019-02-16 04:48:45'),
(965, 'Lucas Lawes', '/k1736700/BookingSystem/web/basket_add.php', '2019-02-16 04:48:47'),
(966, 'Lucas Lawes', '/k1736700/BookingSystem/web/basket_add.php', '2019-02-16 04:49:00'),
(967, 'Lucas Lawes', '/k1736700/BookingSystem/web/browse.php', '2019-02-16 04:49:00'),
(968, 'Lucas Lawes', '/k1736700/BookingSystem/web/basket.php', '2019-02-16 04:49:01'),
(969, 'Lucas Lawes', '/k1736700/BookingSystem/web/checkout.php', '2019-02-16 04:49:02'),
(970, 'Lucas Lawes', '/k1736700/BookingSystem/web/checkout.php', '2019-02-16 04:51:50'),
(971, 'Lucas Lawes', '/k1736700/BookingSystem/web/checkout.php', '2019-02-16 04:54:29'),
(972, 'Lucas Lawes', '/k1736700/BookingSystem/web/checkout.php', '2019-02-16 04:54:31'),
(973, 'Lucas Lawes', '/k1736700/BookingSystem/web/browse.php', '2019-02-16 05:06:59'),
(974, 'Lucas Lawes', '/k1736700/BookingSystem/web/bookings.php', '2019-02-16 05:07:08'),
(975, 'Lucas Lawes', '/k1736700/BookingSystem/web/browse.php', '2019-02-16 05:07:18'),
(976, 'Lucas Lawes', '/k1736700/BookingSystem/web/index.php', '2019-02-16 05:07:28'),
(977, 'Lucas Lawes', '/k1736700/BookingSystem/web/api.php', '2019-02-16 05:07:28'),
(978, 'Lucas Lawes', '/k1736700/BookingSystem/web/api.php', '2019-02-16 05:07:28'),
(979, 'Lucas Lawes', '/k1736700/BookingSystem/web/browse.php', '2019-02-16 05:07:43'),
(980, '', '/k1736700/BookingSystem/web/index.php', '2019-02-16 11:54:44'),
(981, '', '/k1736700/BookingSystem/web/api.php', '2019-02-16 11:54:44'),
(982, '', '/k1736700/BookingSystem/web/api.php', '2019-02-16 11:54:44'),
(983, '', '/k1736700/BookingSystem/web/index.php', '2019-02-16 11:55:01'),
(984, '', '/k1736700/BookingSystem/web/api.php', '2019-02-16 11:55:01'),
(985, '', '/k1736700/BookingSystem/web/api.php', '2019-02-16 11:55:01'),
(986, '', '/k1736700/BookingSystem/web/index.php', '2019-02-16 15:02:06'),
(987, '', '/k1736700/BookingSystem/web/api.php', '2019-02-16 15:02:09'),
(988, '', '/k1736700/BookingSystem/web/api.php', '2019-02-16 15:02:09'),
(989, '', '/k1736700/BookingSystem/web/index.php', '2019-02-16 15:08:18'),
(990, '', '/k1736700/BookingSystem/web/api.php', '2019-02-16 15:08:19'),
(991, '', '/k1736700/BookingSystem/web/api.php', '2019-02-16 15:08:19'),
(992, '', '/k1736700/BookingSystem/web/index.php', '2019-02-16 20:02:32'),
(993, '', '/k1736700/BookingSystem/web/api.php', '2019-02-16 20:02:33'),
(994, '', '/k1736700/BookingSystem/web/api.php', '2019-02-16 20:02:33'),
(995, '', '/k1736700/BookingSystem/web/browse.php', '2019-02-16 20:02:59'),
(996, '', '/k1736700/BookingSystem/web/browse.php', '2019-02-16 20:03:10'),
(997, '', '/k1736700/BookingSystem/web/browse.php', '2019-02-16 20:03:21'),
(998, '', '/k1736700/BookingSystem/web/browse.php', '2019-02-16 20:03:29'),
(999, 'Lucas Lawes', '/k1736700/BookingSystem/web/browse.php', '2019-02-16 20:03:44'),
(1000, 'Lucas Lawes', '/k1736700/BookingSystem/web/bookings.php', '2019-02-16 20:03:46'),
(1001, 'Lucas Lawes', '/k1736700/BookingSystem/web/browse.php', '2019-02-16 20:04:04'),
(1002, 'Lucas Lawes', '/k1736700/BookingSystem/web/basket_add.php', '2019-02-16 20:04:07'),
(1003, 'Lucas Lawes', '/k1736700/BookingSystem/web/basket_add.php', '2019-02-16 20:04:40'),
(1004, 'Lucas Lawes', '/k1736700/BookingSystem/web/browse.php', '2019-02-16 20:04:40'),
(1005, 'Lucas Lawes', '/k1736700/BookingSystem/web/basket.php', '2019-02-16 20:04:49'),
(1006, 'Lucas Lawes', '/k1736700/BookingSystem/web/bookings.php', '2019-02-16 20:04:58'),
(1007, 'Lucas Lawes', '/k1736700/BookingSystem/web/basket.php', '2019-02-16 20:05:00'),
(1008, 'Lucas Lawes', '/k1736700/BookingSystem/web/checkout.php', '2019-02-16 20:05:04'),
(1009, 'Lucas Lawes', '/k1736700/BookingSystem/web/bookings.php', '2019-02-16 20:05:09'),
(1010, 'Lucas Lawes', '/k1736700/BookingSystem/web/signout.php', '2019-02-16 20:05:30'),
(1011, '', '/k1736700/BookingSystem/web/index.php', '2019-02-16 20:05:30'),
(1012, '', '/k1736700/BookingSystem/web/api.php', '2019-02-16 20:05:30'),
(1013, '', '/k1736700/BookingSystem/web/api.php', '2019-02-16 20:05:31'),
(1014, '', '/k1736700/BookingSystem/web/browse.php', '2019-02-16 20:05:47'),
(1015, '', '/k1736700/BookingSystem/web/basket_add.php', '2019-02-16 20:06:02'),
(1016, '', '/k1736700/BookingSystem/web/basket_add.php', '2019-02-16 20:06:31'),
(1017, '', '/k1736700/BookingSystem/web/browse.php', '2019-02-16 20:06:31'),
(1018, '', '/k1736700/BookingSystem/web/basket.php', '2019-02-16 20:06:34'),
(1019, '', '/k1736700/BookingSystem/web/signin.php', '2019-02-16 20:06:36'),
(1020, 'Lucas Lawes', '/k1736700/BookingSystem/web/signin.php', '2019-02-16 20:06:39'),
(1021, 'Lucas Lawes', '/k1736700/BookingSystem/web/checkout.php', '2019-02-16 20:06:39'),
(1022, 'Lucas Lawes', '/k1736700/BookingSystem/web/bookings.php', '2019-02-16 20:06:43'),
(1023, 'Lucas Lawes', '/k1736700/BookingSystem/web/bookings.php', '2019-02-16 20:06:49'),
(1024, 'Lucas Lawes', '/k1736700/BookingSystem/web/browse.php', '2019-02-16 20:07:35'),
(1025, 'Lucas Lawes', '/k1736700/BookingSystem/web/basket_add.php', '2019-02-16 20:08:03'),
(1026, 'Lucas Lawes', '/k1736700/BookingSystem/web/browse.php', '2019-02-16 20:08:35'),
(1027, 'Lucas Lawes', '/k1736700/BookingSystem/web/basket_add.php', '2019-02-16 20:13:30'),
(1028, 'Lucas Lawes', '/k1736700/BookingSystem/web/browse.php', '2019-02-16 20:27:15'),
(1029, 'Lucas Lawes', '/k1736700/BookingSystem/web/basket_add.php', '2019-02-16 20:27:19'),
(1030, 'Lucas Lawes', '/k1736700/BookingSystem/web/browse.php', '2019-02-16 20:27:21'),
(1031, 'Lucas Lawes', '/k1736700/BookingSystem/web/browse.php', '2019-02-16 20:27:23'),
(1032, 'Lucas Lawes', '/k1736700/BookingSystem/web/basket_add.php', '2019-02-16 20:27:24'),
(1033, 'Lucas Lawes', '/k1736700/BookingSystem/web/basket_add.php', '2019-02-16 20:27:27'),
(1034, 'Lucas Lawes', '/k1736700/BookingSystem/web/browse.php', '2019-02-16 20:27:27'),
(1035, 'Lucas Lawes', '/k1736700/BookingSystem/web/basket.php', '2019-02-16 20:27:41'),
(1036, 'Lucas Lawes', '/k1736700/BookingSystem/web/checkout.php', '2019-02-16 20:27:42'),
(1037, 'Lucas Lawes', '/k1736700/BookingSystem/web/basket.php', '2019-02-16 20:27:52'),
(1038, 'Lucas Lawes', '/k1736700/BookingSystem/web/browse.php', '2019-02-16 20:27:54'),
(1039, 'Lucas Lawes', '/k1736700/BookingSystem/web/browse.php', '2019-02-16 20:27:58'),
(1040, 'Lucas Lawes', '/k1736700/BookingSystem/web/browse.php', '2019-02-16 20:28:01'),
(1041, 'Lucas Lawes', '/k1736700/BookingSystem/web/basket_add.php', '2019-02-16 20:28:05'),
(1042, 'Lucas Lawes', '/k1736700/BookingSystem/web/basket_add.php', '2019-02-16 20:28:07'),
(1043, 'Lucas Lawes', '/k1736700/BookingSystem/web/browse.php', '2019-02-16 20:28:07'),
(1044, 'Lucas Lawes', '/k1736700/BookingSystem/web/basket.php', '2019-02-16 20:28:09'),
(1045, 'Lucas Lawes', '/k1736700/BookingSystem/web/basket.php', '2019-02-16 20:34:39'),
(1046, 'Lucas Lawes', '/k1736700/BookingSystem/web/checkout.php', '2019-02-16 20:35:06'),
(1047, 'Lucas Lawes', '/k1736700/BookingSystem/web/bookings.php', '2019-02-16 20:35:10'),
(1048, 'Lucas Lawes', '/k1736700/BookingSystem/web/index.php', '2019-02-16 20:35:50'),
(1049, 'Lucas Lawes', '/k1736700/BookingSystem/web/api.php', '2019-02-16 20:35:50'),
(1050, 'Lucas Lawes', '/k1736700/BookingSystem/web/api.php', '2019-02-16 20:35:50'),
(1051, 'Lucas Lawes', '/k1736700/BookingSystem/web/browse.php', '2019-02-16 20:37:17'),
(1052, 'Lucas Lawes', '/k1736700/BookingSystem/web/browse.php', '2019-02-16 20:40:38'),
(1053, 'Lucas Lawes', '/k1736700/BookingSystem/web/browse.php', '2019-02-16 20:41:33'),
(1054, 'Lucas Lawes', '/k1736700/BookingSystem/web/admin/index.php', '2019-02-16 20:41:52'),
(1055, 'Lucas Lawes', '/k1736700/BookingSystem/web/api.php', '2019-02-16 20:41:52'),
(1056, 'Lucas Lawes', '/k1736700/BookingSystem/web/admin/index.php', '2019-02-16 20:41:58'),
(1057, 'Lucas Lawes', '/k1736700/BookingSystem/web/api.php', '2019-02-16 20:41:58'),
(1058, 'Lucas Lawes', '/k1736700/BookingSystem/web/index.php', '2019-02-16 20:42:00'),
(1059, 'Lucas Lawes', '/k1736700/BookingSystem/web/api.php', '2019-02-16 20:42:00'),
(1060, 'Lucas Lawes', '/k1736700/BookingSystem/web/api.php', '2019-02-16 20:42:00'),
(1061, 'Lucas Lawes', '/k1736700/BookingSystem/web/browse.php', '2019-02-16 20:42:42'),
(1062, 'Lucas Lawes', '/k1736700/BookingSystem/web/index.php', '2019-02-16 20:42:47'),
(1063, 'Lucas Lawes', '/k1736700/BookingSystem/web/api.php', '2019-02-16 20:42:48'),
(1064, 'Lucas Lawes', '/k1736700/BookingSystem/web/api.php', '2019-02-16 20:42:48'),
(1065, '', '/k1736700/BookingSystem/web/index.php', '2019-02-16 20:43:43'),
(1066, '', '/k1736700/BookingSystem/web/api.php', '2019-02-16 20:43:43'),
(1067, '', '/k1736700/BookingSystem/web/api.php', '2019-02-16 20:43:43'),
(1068, '', '/k1736700/BookingSystem/web/index.php', '2019-02-16 20:43:50'),
(1069, '', '/k1736700/BookingSystem/web/api.php', '2019-02-16 20:43:50'),
(1070, '', '/k1736700/BookingSystem/web/api.php', '2019-02-16 20:43:50'),
(1071, '', '/k1736700/BookingSystem/web/index.php', '2019-02-16 20:45:56'),
(1072, '', '/k1736700/BookingSystem/web/api.php', '2019-02-16 20:45:56'),
(1073, '', '/k1736700/BookingSystem/web/api.php', '2019-02-16 20:45:56'),
(1074, '', '/k1736700/BookingSystem/web/signup.php', '2019-02-16 20:46:27'),
(1075, '', '/k1736700/BookingSystem/web/index.php', '2019-02-16 20:46:33'),
(1076, '', '/k1736700/BookingSystem/web/api.php', '2019-02-16 20:46:33'),
(1077, '', '/k1736700/BookingSystem/web/api.php', '2019-02-16 20:46:33'),
(1078, '', '/k1736700/BookingSystem/web/browse.php', '2019-02-16 20:47:11'),
(1079, '', '/k1736700/BookingSystem/web/basket_add.php', '2019-02-16 20:47:24'),
(1080, '', '/k1736700/BookingSystem/web/basket_add.php', '2019-02-16 20:49:02'),
(1081, '', '/k1736700/BookingSystem/web/browse.php', '2019-02-16 20:49:25'),
(1082, '', '/k1736700/BookingSystem/web/basket_add.php', '2019-02-16 20:49:30'),
(1083, '', '/k1736700/BookingSystem/web/basket_add.php', '2019-02-16 20:50:31'),
(1084, '', '/k1736700/BookingSystem/web/browse.php', '2019-02-16 20:50:31'),
(1085, '', '/k1736700/BookingSystem/web/basket.php', '2019-02-16 20:50:44'),
(1086, '', '/k1736700/BookingSystem/web/signin.php', '2019-02-16 20:50:54'),
(1087, 'Lucas Lawes', '/k1736700/BookingSystem/web/signin.php', '2019-02-16 20:50:57'),
(1088, 'Lucas Lawes', '/k1736700/BookingSystem/web/checkout.php', '2019-02-16 20:50:58'),
(1089, 'Lucas Lawes', '/k1736700/BookingSystem/web/checkout.php', '2019-02-16 21:56:06'),
(1090, 'Lucas Lawes', '/k1736700/BookingSystem/web/browse.php', '2019-02-16 21:56:11'),
(1091, 'Lucas Lawes', '/k1736700/BookingSystem/web/browse.php', '2019-02-16 21:56:27'),
(1092, 'Lucas Lawes', '/k1736700/BookingSystem/web/browse.php', '2019-02-16 22:35:27'),
(1093, 'Lucas Lawes', '/k1736700/BookingSystem/web/browse.php', '2019-02-16 22:37:57'),
(1094, 'Lucas Lawes', '/k1736700/BookingSystem/web/basket.php', '2019-02-16 22:38:04'),
(1095, 'Lucas Lawes', '/k1736700/BookingSystem/web/browse.php', '2019-02-16 22:38:10'),
(1096, 'Lucas Lawes', '/k1736700/BookingSystem/web/browse.php', '2019-02-16 22:42:10'),
(1097, 'Lucas Lawes', '/k1736700/BookingSystem/web/basket.php', '2019-02-16 22:42:40'),
(1098, 'Lucas Lawes', '/k1736700/BookingSystem/web/bookings.php', '2019-02-16 22:42:45'),
(1099, 'Lucas Lawes', '/k1736700/BookingSystem/web/bookings.php', '2019-02-16 22:42:53'),
(1100, 'Lucas Lawes', '/k1736700/BookingSystem/web/admin/index.php', '2019-02-16 22:44:47'),
(1101, 'Lucas Lawes', '/k1736700/BookingSystem/web/api.php', '2019-02-16 22:44:47'),
(1102, 'Lucas Lawes', '/k1736700/BookingSystem/web/admin/customers.php', '2019-02-16 22:45:12'),
(1103, 'Lucas Lawes', '/k1736700/BookingSystem/web/index.php', '2019-02-16 22:45:28'),
(1104, 'Lucas Lawes', '/k1736700/BookingSystem/web/api.php', '2019-02-16 22:45:29'),
(1105, 'Lucas Lawes', '/k1736700/BookingSystem/web/api.php', '2019-02-16 22:45:29'),
(1106, 'Lucas Lawes', '/k1736700/BookingSystem/web/basket_add.php', '2019-02-16 22:45:35'),
(1107, 'Lucas Lawes', '/k1736700/BookingSystem/web/basket_add.php', '2019-02-16 22:46:10'),
(1108, 'Lucas Lawes', '/k1736700/BookingSystem/web/browse.php', '2019-02-16 22:46:10'),
(1109, 'Lucas Lawes', '/k1736700/BookingSystem/web/basket.php', '2019-02-16 22:46:27'),
(1110, 'Lucas Lawes', '/k1736700/BookingSystem/web/checkout.php', '2019-02-16 22:46:33'),
(1111, 'Lucas Lawes', '/k1736700/BookingSystem/web/bookings.php', '2019-02-16 22:46:40'),
(1112, 'Lucas Lawes', '/k1736700/BookingSystem/web/bookings.php', '2019-02-16 22:46:54'),
(1113, 'Lucas Lawes', '/k1736700/BookingSystem/web/basket.php', '2019-02-16 22:47:55'),
(1114, 'Lucas Lawes', '/k1736700/BookingSystem/web/browse.php', '2019-02-16 22:48:03'),
(1115, 'Lucas Lawes', '/k1736700/BookingSystem/web/index.php', '2019-02-16 22:48:18'),
(1116, 'Lucas Lawes', '/k1736700/BookingSystem/web/api.php', '2019-02-16 22:48:18'),
(1117, 'Lucas Lawes', '/k1736700/BookingSystem/web/api.php', '2019-02-16 22:48:18'),
(1118, 'Lucas Lawes', '/k1736700/BookingSystem/web/basket_add.php', '2019-02-16 22:48:24'),
(1119, 'Lucas Lawes', '/k1736700/BookingSystem/web/basket_add.php', '2019-02-16 22:48:39'),
(1120, 'Lucas Lawes', '/k1736700/BookingSystem/web/index.php', '2019-02-16 22:48:39'),
(1121, 'Lucas Lawes', '/k1736700/BookingSystem/web/api.php', '2019-02-16 22:48:39'),
(1122, 'Lucas Lawes', '/k1736700/BookingSystem/web/api.php', '2019-02-16 22:48:39'),
(1123, 'Lucas Lawes', '/k1736700/BookingSystem/web/basket.php', '2019-02-16 22:48:43'),
(1124, 'Lucas Lawes', '/k1736700/BookingSystem/web/basket.php', '2019-02-16 22:50:32'),
(1125, 'Lucas Lawes', '/k1736700/BookingSystem/web/index.php', '2019-02-16 22:50:46'),
(1126, 'Lucas Lawes', '/k1736700/BookingSystem/web/api.php', '2019-02-16 22:50:46'),
(1127, 'Lucas Lawes', '/k1736700/BookingSystem/web/api.php', '2019-02-16 22:50:46'),
(1128, 'Lucas Lawes', '/k1736700/BookingSystem/web/basket.php', '2019-02-16 22:51:18'),
(1129, 'Lucas Lawes', '/k1736700/BookingSystem/web/bookings.php', '2019-02-16 22:51:24'),
(1130, '', '/k1736700/BookingSystem/web/admin/customers.php', '2019-02-17 18:21:03'),
(1131, '', '/k1736700/BookingSystem/web/index.php', '2019-02-18 09:05:44'),
(1132, '', '/k1736700/BookingSystem/web/api.php', '2019-02-18 09:05:45'),
(1133, '', '/k1736700/BookingSystem/web/api.php', '2019-02-18 09:05:45'),
(1134, '', '/k1736700/BookingSystem/web/browse.php', '2019-02-18 09:06:16'),
(1135, '', '/k1736700/BookingSystem/web/index.php', '2019-02-18 09:06:31'),
(1136, '', '/k1736700/BookingSystem/web/api.php', '2019-02-18 09:06:31'),
(1137, '', '/k1736700/BookingSystem/web/api.php', '2019-02-18 09:06:31'),
(1138, '', '/k1736700/BookingSystem/web/index.php', '2019-02-18 09:16:24'),
(1139, '', '/k1736700/BookingSystem/web/api.php', '2019-02-18 09:16:24'),
(1140, '', '/k1736700/BookingSystem/web/api.php', '2019-02-18 09:16:24'),
(1141, '', '/k1736700/BookingSystem/web/browse.php', '2019-02-18 09:38:40'),
(1142, '', '/k1736700/BookingSystem/web/index.php', '2019-02-18 10:14:30'),
(1143, '', '/k1736700/BookingSystem/web/api.php', '2019-02-18 10:14:33'),
(1144, '', '/k1736700/BookingSystem/web/api.php', '2019-02-18 10:14:33'),
(1145, '', '/k1736700/BookingSystem/web/browse.php', '2019-02-18 10:14:43'),
(1146, '', '/k1736700/BookingSystem/web/basket_add.php', '2019-02-18 10:14:48'),
(1147, '', '/k1736700/BookingSystem/web/browse.php', '2019-02-18 10:15:01'),
(1148, '', '/k1736700/BookingSystem/web/index.php', '2019-02-18 12:21:22'),
(1149, '', '/k1736700/BookingSystem/web/api.php', '2019-02-18 12:21:22'),
(1150, '', '/k1736700/BookingSystem/web/api.php', '2019-02-18 12:21:22'),
(1151, '', '/k1736700/BookingSystem/web/browse.php', '2019-02-18 12:21:38'),
(1152, '', '/k1736700/BookingSystem/web/basket_add.php', '2019-02-18 12:21:56'),
(1153, '', '/k1736700/BookingSystem/web/basket.php', '2019-02-18 12:22:15'),
(1154, '', '/k1736700/BookingSystem/web/browse.php', '2019-02-18 12:22:18'),
(1155, '', '/k1736700/BookingSystem/web/browse.php', '2019-02-18 12:22:28'),
(1156, '', '/k1736700/BookingSystem/web/browse.php', '2019-02-18 12:22:37'),
(1157, '', '/k1736700/BookingSystem/web/browse.php', '2019-02-18 12:22:49'),
(1158, '', '/k1736700/BookingSystem/web/browse.php', '2019-02-18 12:23:02'),
(1159, '', '/k1736700/BookingSystem/web/basket_add.php', '2019-02-18 12:23:17'),
(1160, '', '/k1736700/BookingSystem/web/basket_add.php', '2019-02-18 12:23:27'),
(1161, '', '/k1736700/BookingSystem/web/browse.php', '2019-02-18 12:23:27'),
(1162, '', '/k1736700/BookingSystem/web/basket.php', '2019-02-18 12:23:39'),
(1163, '', '/k1736700/BookingSystem/web/basket.php', '2019-02-18 12:23:43'),
(1164, '', '/k1736700/BookingSystem/web/browse.php', '2019-02-18 12:23:44'),
(1165, '', '/k1736700/BookingSystem/web/basket_add.php', '2019-02-18 12:23:46'),
(1166, '', '/k1736700/BookingSystem/web/basket_add.php', '2019-02-18 12:24:18'),
(1167, '', '/k1736700/BookingSystem/web/basket_add.php', '2019-02-18 12:24:24'),
(1168, '', '/k1736700/BookingSystem/web/browse.php', '2019-02-18 12:24:25'),
(1169, '', '/k1736700/BookingSystem/web/browse.php', '2019-02-18 12:24:46'),
(1170, '', '/k1736700/BookingSystem/web/browse.php', '2019-02-18 12:24:50'),
(1171, '', '/k1736700/BookingSystem/web/browse.php', '2019-02-18 12:25:02'),
(1172, '', '/k1736700/BookingSystem/web/browse.php', '2019-02-18 12:25:08'),
(1173, '', '/k1736700/BookingSystem/web/basket_add.php', '2019-02-18 12:25:10'),
(1174, '', '/k1736700/BookingSystem/web/browse.php', '2019-02-18 12:25:27'),
(1175, '', '/k1736700/BookingSystem/web/browse.php', '2019-02-18 12:25:28'),
(1176, '', '/BookingSystem/web/index.php', '2019-02-18 13:09:40'),
(1177, '', '/BookingSystem/web/api.php', '2019-02-18 13:09:40'),
(1178, '', '/BookingSystem/web/api.php', '2019-02-18 13:09:40'),
(1179, '', '/BookingSystem/web/index.php', '2019-02-18 13:11:58'),
(1180, '', '/BookingSystem/web/api.php', '2019-02-18 13:11:58'),
(1181, '', '/BookingSystem/web/api.php', '2019-02-18 13:11:58'),
(1182, '', '/BookingSystem/web/index.php', '2019-02-18 13:13:02'),
(1183, '', '/BookingSystem/web/api.php', '2019-02-18 13:13:02'),
(1184, '', '/BookingSystem/web/api.php', '2019-02-18 13:13:02'),
(1185, '', '/BookingSystem/web/index.php', '2019-02-18 13:14:14'),
(1186, '', '/BookingSystem/web/api.php', '2019-02-18 13:14:14'),
(1187, '', '/BookingSystem/web/api.php', '2019-02-18 13:14:14'),
(1188, '', '/BookingSystem/web/browse.php', '2019-02-18 13:14:18'),
(1189, '', '/BookingSystem/web/browse.php', '2019-02-18 13:14:38'),
(1190, '', '/BookingSystem/web/browse.php', '2019-02-18 13:14:44'),
(1191, '', '/BookingSystem/web/browse.php', '2019-02-18 13:14:49'),
(1192, '', '/BookingSystem/web/browse.php', '2019-02-18 13:14:57'),
(1193, '', '/BookingSystem/web/browse.php', '2019-02-18 13:15:03'),
(1194, '', '/BookingSystem/web/browse.php', '2019-02-18 13:15:19'),
(1195, '', '/BookingSystem/web/api.php', '2019-02-18 13:15:27'),
(1196, '', '/BookingSystem/web/api.php', '2019-02-18 13:15:27'),
(1197, '', '/BookingSystem/web/index.php', '2019-02-18 13:15:27'),
(1198, '', '/BookingSystem/web/browse.php', '2019-02-18 13:15:29'),
(1199, '', '/BookingSystem/web/basket_add.php', '2019-02-18 13:15:59'),
(1200, '', '/BookingSystem/web/basket_add.php', '2019-02-18 13:16:23'),
(1201, '', '/BookingSystem/web/basket_add.php', '2019-02-18 13:16:46'),
(1202, '', '/BookingSystem/web/browse.php', '2019-02-18 13:16:46'),
(1203, '', '/BookingSystem/web/basket.php', '2019-02-18 13:16:50'),
(1204, '', '/BookingSystem/web/signin.php', '2019-02-18 13:16:56'),
(1205, 'Gerard Nolan', '/BookingSystem/web/signin.php', '2019-02-18 13:17:02'),
(1206, 'Gerard Nolan', '/BookingSystem/web/checkout.php', '2019-02-18 13:17:02'),
(1207, 'Gerard Nolan', '/BookingSystem/web/bookings.php', '2019-02-18 13:17:05'),
(1208, 'Gerard Nolan', '/BookingSystem/web/admin/index.php', '2019-02-18 13:17:11'),
(1209, 'Gerard Nolan', '/BookingSystem/web/api.php', '2019-02-18 13:17:11'),
(1210, 'Gerard Nolan', '/BookingSystem/web/admin/promotions.php', '2019-02-18 13:17:14'),
(1211, 'Paul Neve', '/BookingSystem/web/index.php', '2019-02-18 13:21:25'),
(1212, 'Paul Neve', '/BookingSystem/web/api.php', '2019-02-18 13:21:25'),
(1213, 'Paul Neve', '/BookingSystem/web/api.php', '2019-02-18 13:21:25'),
(1214, 'Paul Neve', '/BookingSystem/web/admin/index.php', '2019-02-18 13:21:28'),
(1215, 'Paul Neve', '/BookingSystem/web/api.php', '2019-02-18 13:21:28'),
(1216, 'Paul Neve', '/BookingSystem/web/admin/customers.php', '2019-02-18 13:21:30'),
(1217, 'Paul Neve', '/BookingSystem/web/admin/promotions.php', '2019-02-18 13:21:32'),
(1218, 'Paul Neve', '/BookingSystem/web/admin/vehicles.php', '2019-02-18 13:21:33'),
(1219, 'Paul Neve', '/BookingSystem/web/index.php', '2019-02-18 13:25:02'),
(1220, 'Paul Neve', '/BookingSystem/web/api.php', '2019-02-18 13:25:02'),
(1221, 'Paul Neve', '/BookingSystem/web/api.php', '2019-02-18 13:25:02'),
(1222, 'Paul Neve', '/BookingSystem/web/index.php', '2019-02-18 13:25:10'),
(1223, 'Paul Neve', '/BookingSystem/web/api.php', '2019-02-18 13:25:10'),
(1224, 'Paul Neve', '/BookingSystem/web/api.php', '2019-02-18 13:25:10'),
(1225, 'Paul Neve', '/BookingSystem/web/browse.php', '2019-02-18 13:25:11'),
(1226, 'Paul Neve', '/BookingSystem/web/admin/promotions.php', '2019-02-18 13:29:19'),
(1227, 'Paul Neve', '/BookingSystem/web/admin/index.php', '2019-02-18 13:41:27'),
(1228, 'Paul Neve', '/BookingSystem/web/api.php', '2019-02-18 13:41:28'),
(1229, 'Paul Neve', '/BookingSystem/web/admin/customers.php', '2019-02-18 13:41:29'),
(1230, 'Paul Neve', '/BookingSystem/web/admin/promotions.php', '2019-02-18 13:41:31'),
(1231, 'Paul Neve', '/BookingSystem/web/admin/vehicles.php', '2019-02-18 13:41:32'),
(1232, 'Paul Neve', '/BookingSystem/web/admin/index.php', '2019-02-18 13:41:34'),
(1233, 'Paul Neve', '/BookingSystem/web/api.php', '2019-02-18 13:41:34'),
(1234, 'Paul Neve', '/BookingSystem/web/admin/index.php', '2019-02-18 13:52:11'),
(1235, 'Paul Neve', '/BookingSystem/web/api.php', '2019-02-18 13:52:11'),
(1236, 'Paul Neve', '/BookingSystem/web/admin/customers.php', '2019-02-18 13:52:13'),
(1237, 'Paul Neve', '/BookingSystem/web/admin/promotions.php', '2019-02-18 13:52:14'),
(1238, 'Paul Neve', '/BookingSystem/web/admin/vehicles.php', '2019-02-18 13:52:15'),
(1239, 'Paul Neve', '/BookingSystem/web/admin/customers.php', '2019-02-18 13:52:17'),
(1240, 'Paul Neve', '/BookingSystem/web/admin/index.php', '2019-02-18 13:52:18'),
(1241, 'Paul Neve', '/BookingSystem/web/api.php', '2019-02-18 13:52:18'),
(1242, 'Paul Neve', '/BookingSystem/web/admin/vehicles.php', '2019-02-18 13:52:23'),
(1243, 'Paul Neve', '/BookingSystem/web/admin/promotions.php', '2019-02-18 13:52:32'),
(1244, 'Paul Neve', '/BookingSystem/web/admin/index.php', '2019-02-18 13:53:09'),
(1245, 'Paul Neve', '/BookingSystem/web/api.php', '2019-02-18 13:53:09'),
(1246, 'Paul Neve', '/BookingSystem/web/admin/customers.php', '2019-02-18 13:53:15'),
(1247, 'Paul Neve', '/BookingSystem/web/admin/promotions.php', '2019-02-18 13:53:16'),
(1248, 'Paul Neve', '/BookingSystem/web/admin/vehicles.php', '2019-02-18 13:53:19'),
(1249, 'Paul Neve', '/BookingSystem/web/admin/promotions.php', '2019-02-18 13:53:20'),
(1250, 'Paul Neve', '/BookingSystem/web/admin/customers.php', '2019-02-18 13:53:21'),
(1251, 'Paul Neve', '/BookingSystem/web/admin/index.php', '2019-02-18 13:53:22'),
(1252, 'Paul Neve', '/BookingSystem/web/api.php', '2019-02-18 13:53:22'),
(1253, 'Paul Neve', '/BookingSystem/web/admin/customers.php', '2019-02-18 13:53:23'),
(1254, 'Paul Neve', '/BookingSystem/web/index.php', '2019-02-18 13:53:43'),
(1255, 'Paul Neve', '/BookingSystem/web/api.php', '2019-02-18 13:53:43'),
(1256, 'Paul Neve', '/BookingSystem/web/api.php', '2019-02-18 13:53:43'),
(1257, 'Paul Neve', '/BookingSystem/web/index.php', '2019-02-18 13:55:07'),
(1258, 'Paul Neve', '/BookingSystem/web/api.php', '2019-02-18 13:55:07'),
(1259, 'Paul Neve', '/BookingSystem/web/api.php', '2019-02-18 13:55:07'),
(1260, '', '/k1736700/BookingSystem/web/index.php', '2019-02-19 12:13:12'),
(1261, '', '/k1736700/BookingSystem/web/api.php', '2019-02-19 12:13:13'),
(1262, '', '/k1736700/BookingSystem/web/api.php', '2019-02-19 12:13:13'),
(1263, '', '/k1736700/BookingSystem/web/browse.php', '2019-02-19 12:13:18'),
(1264, '', '/k1736700/BookingSystem/web/basket.php', '2019-02-19 12:13:21'),
(1265, '', '/k1736700/BookingSystem/web/index.php', '2019-02-19 12:13:26'),
(1266, '', '/k1736700/BookingSystem/web/api.php', '2019-02-19 12:13:26'),
(1267, '', '/k1736700/BookingSystem/web/api.php', '2019-02-19 12:13:26'),
(1268, '', '/k1736700/BookingSystem/web/browse.php', '2019-02-19 12:13:28'),
(1269, '', '/k1736700/BookingSystem/web/index.php', '2019-02-19 16:09:29'),
(1270, '', '/k1736700/BookingSystem/web/api.php', '2019-02-19 16:09:29'),
(1271, '', '/k1736700/BookingSystem/web/api.php', '2019-02-19 16:09:29'),
(1272, 'Lucas Lawes', '/k1736700/BookingSystem/web/index.php', '2019-02-19 16:20:29'),
(1273, 'Lucas Lawes', '/k1736700/BookingSystem/web/api.php', '2019-02-19 16:20:29'),
(1274, 'Lucas Lawes', '/k1736700/BookingSystem/web/api.php', '2019-02-19 16:20:29'),
(1275, 'Lucas Lawes', '/k1736700/BookingSystem/web/admin/index.php', '2019-02-19 16:20:37'),
(1276, 'Lucas Lawes', '/k1736700/BookingSystem/web/api.php', '2019-02-19 16:20:38'),
(1277, 'Lucas Lawes', '/k1736700/BookingSystem/web/admin/customers.php', '2019-02-19 16:20:39'),
(1278, 'Damien Triegaardt', '/bookingsystem/web/admin/promotions.php', '2019-02-19 16:30:18'),
(1279, 'Damien Triegaardt', '/bookingsystem/web/admin/promotions.php', '2019-02-19 16:30:19'),
(1280, 'Damien Triegaardt', '/bookingsystem/web/admin/index.php', '2019-02-19 16:31:15'),
(1281, 'Damien Triegaardt', '/bookingsystem/web/api.php', '2019-02-19 16:31:16'),
(1282, 'Damien Triegaardt', '/bookingsystem/web/admin/index.php', '2019-02-19 16:31:17'),
(1283, 'Damien Triegaardt', '/bookingsystem/web/api.php', '2019-02-19 16:31:17'),
(1284, 'Damien Triegaardt', '/bookingsystem/web/index.php', '2019-02-19 16:31:18'),
(1285, 'Damien Triegaardt', '/bookingsystem/web/api.php', '2019-02-19 16:31:18'),
(1286, 'Damien Triegaardt', '/bookingsystem/web/api.php', '2019-02-19 16:31:18'),
(1287, '', '/BookingSystem/web/index.php', '2019-02-19 16:32:32'),
(1288, '', '/BookingSystem/web/api.php', '2019-02-19 16:32:32'),
(1289, '', '/BookingSystem/web/api.php', '2019-02-19 16:32:32'),
(1290, 'Damien Triegaardt', '/bookingsystem/web/bookings.php', '2019-02-19 16:35:20'),
(1291, 'Damien Triegaardt', '/bookingsystem/web/browse.php', '2019-02-19 16:35:23'),
(1292, 'Damien Triegaardt', '/bookingsystem/web/basket_add.php', '2019-02-19 16:35:27'),
(1293, 'Damien Triegaardt', '/bookingsystem/web/browse.php', '2019-02-19 16:36:58'),
(1294, 'Damien Triegaardt', '/bookingsystem/web/browse.php', '2019-02-19 16:37:11'),
(1295, 'Damien Triegaardt', '/bookingsystem/web/index.php', '2019-02-19 16:37:24'),
(1296, 'Damien Triegaardt', '/bookingsystem/web/api.php', '2019-02-19 16:37:24'),
(1297, 'Damien Triegaardt', '/bookingsystem/web/api.php', '2019-02-19 16:37:24'),
(1298, 'Damien Triegaardt', '/bookingsystem/web/signout.php', '2019-02-19 16:37:30'),
(1299, '', '/bookingsystem/web/index.php', '2019-02-19 16:37:31'),
(1300, '', '/bookingsystem/web/api.php', '2019-02-19 16:37:31'),
(1301, '', '/bookingsystem/web/api.php', '2019-02-19 16:37:31'),
(1302, 'Damien Triegaardt', '/bookingsystem/web/index.php', '2019-02-19 16:37:42'),
(1303, 'Damien Triegaardt', '/bookingsystem/web/api.php', '2019-02-19 16:37:42'),
(1304, 'Damien Triegaardt', '/bookingsystem/web/api.php', '2019-02-19 16:37:42'),
(1305, 'Damien Triegaardt', '/bookingsystem/web/browse.php', '2019-02-19 16:38:06'),
(1306, 'Damien Triegaardt', '/bookingsystem/web/basket_add.php', '2019-02-19 16:38:21'),
(1307, 'Damien Triegaardt', '/bookingsystem/web/basket_add.php', '2019-02-19 16:38:47'),
(1308, 'Damien Triegaardt', '/bookingsystem/web/browse.php', '2019-02-19 16:38:47'),
(1309, 'Damien Triegaardt', '/bookingsystem/web/basket.php', '2019-02-19 16:38:57'),
(1310, '', '/BookingSystem/web/admin/promotions_edit.php', '2019-02-19 16:39:05'),
(1311, 'Damien Triegaardt', '/bookingsystem/web/checkout.php', '2019-02-19 16:39:07'),
(1312, '', '/BookingSystem/web/admin/promotions_edit.php', '2019-02-19 16:39:08');
INSERT INTO `Log` (`id`, `fullName`, `url`, `dateAccessed`) VALUES
(1313, '', '/BookingSystem/web/index.php', '2019-02-19 16:39:12'),
(1314, '', '/BookingSystem/web/api.php', '2019-02-19 16:39:13'),
(1315, '', '/BookingSystem/web/api.php', '2019-02-19 16:39:13'),
(1316, '', '/BookingSystem/web/basket_add.php', '2019-02-19 16:39:20'),
(1317, 'Damien Triegaardt', '/bookingsystem/web/browse.php', '2019-02-19 16:39:23'),
(1318, '', '/BookingSystem/web/basket_add.php', '2019-02-19 16:39:36'),
(1319, '', '/BookingSystem/web/basket_add.php', '2019-02-19 16:40:31'),
(1320, '', '/BookingSystem/web/index.php', '2019-02-19 16:40:31'),
(1321, '', '/BookingSystem/web/api.php', '2019-02-19 16:40:31'),
(1322, '', '/BookingSystem/web/api.php', '2019-02-19 16:40:32'),
(1323, '', '/BookingSystem/web/basket.php', '2019-02-19 16:40:39'),
(1324, '', '/BookingSystem/web/signin.php', '2019-02-19 16:40:45'),
(1325, 'Matteo Cannas', '/BookingSystem/web/signin.php', '2019-02-19 16:40:48'),
(1326, 'Matteo Cannas', '/BookingSystem/web/checkout.php', '2019-02-19 16:40:48'),
(1327, 'Damien Triegaardt', '/bookingsystem/web/browse.php', '2019-02-19 16:41:13'),
(1328, 'Matteo Cannas', '/BookingSystem/web/index.php', '2019-02-19 16:41:13'),
(1329, 'Matteo Cannas', '/BookingSystem/web/api.php', '2019-02-19 16:41:14'),
(1330, 'Matteo Cannas', '/BookingSystem/web/api.php', '2019-02-19 16:41:14'),
(1331, 'Matteo Cannas', '/BookingSystem/web/browse.php', '2019-02-19 16:41:16'),
(1332, 'Damien Triegaardt', '/bookingsystem/web/browse.php', '2019-02-19 16:41:56'),
(1333, 'Damien Triegaardt', '/bookingsystem/web/basket_add.php', '2019-02-19 16:42:06'),
(1334, 'Damien Triegaardt', '/bookingsystem/web/browse.php', '2019-02-19 16:42:10'),
(1335, 'Damien Triegaardt', '/bookingsystem/web/browse.php', '2019-02-19 16:42:19'),
(1336, 'Damien Triegaardt', '/bookingsystem/web/browse.php', '2019-02-19 16:42:51'),
(1337, 'Damien Triegaardt', '/bookingsystem/web/browse.php', '2019-02-19 16:43:01'),
(1338, 'Damien Triegaardt', '/bookingsystem/web/browse.php', '2019-02-19 16:43:06'),
(1339, 'Damien Triegaardt', '/bookingsystem/web/browse.php', '2019-02-19 16:43:10'),
(1340, 'Damien Triegaardt', '/bookingsystem/web/browse.php', '2019-02-19 16:43:13'),
(1341, 'Damien Triegaardt', '/bookingsystem/web/browse.php', '2019-02-19 16:43:39'),
(1342, 'Damien Triegaardt', '/bookingsystem/web/browse.php', '2019-02-19 16:43:45'),
(1343, 'Damien Triegaardt', '/bookingsystem/web/browse.php', '2019-02-19 16:43:50'),
(1344, 'Damien Triegaardt', '/bookingsystem/web/browse.php', '2019-02-19 16:44:32'),
(1345, 'Damien Triegaardt', '/bookingsystem/web/browse.php', '2019-02-19 16:44:53'),
(1346, 'Damien Triegaardt', '/bookingsystem/web/basket_add.php', '2019-02-19 16:44:59'),
(1347, 'Damien Triegaardt', '/bookingsystem/web/index.php', '2019-02-19 16:45:12'),
(1348, 'Damien Triegaardt', '/bookingsystem/web/api.php', '2019-02-19 16:45:12'),
(1349, 'Damien Triegaardt', '/bookingsystem/web/api.php', '2019-02-19 16:45:12'),
(1350, 'Damien Triegaardt', '/bookingsystem/web/basket_add.php', '2019-02-19 16:45:19'),
(1351, 'Damien Triegaardt', '/bookingsystem/web/browse.php', '2019-02-19 16:46:48'),
(1352, '', '/BookingSystem/web/index.php', '2019-02-19 16:47:34'),
(1353, '', '/BookingSystem/web/api.php', '2019-02-19 16:47:36'),
(1354, '', '/BookingSystem/web/api.php', '2019-02-19 16:47:36'),
(1355, '', '/BookingSystem/web/index.php', '2019-02-19 16:51:40'),
(1356, '', '/BookingSystem/web/api.php', '2019-02-19 16:51:40'),
(1357, '', '/BookingSystem/web/api.php', '2019-02-19 16:51:41'),
(1358, '', '/BookingSystem/web/index.php', '2019-02-19 16:53:21'),
(1359, '', '/BookingSystem/web/browse.php', '2019-02-19 16:54:32'),
(1360, '', '/BookingSystem/web/browse.php', '2019-02-19 16:54:44'),
(1361, '', '/BookingSystem/web/browse.php', '2019-02-19 16:55:02'),
(1362, '', '/BookingSystem/web/index.php', '2019-02-19 16:55:31'),
(1363, '', '/BookingSystem/web/api.php', '2019-02-19 16:55:32'),
(1364, '', '/BookingSystem/web/api.php', '2019-02-19 16:55:32'),
(1365, '', '/BookingSystem/web/browse.php', '2019-02-19 16:55:34'),
(1366, 'Damien Triegaardt', '/bookingsystem/web/browse.php', '2019-02-19 16:58:01'),
(1367, 'Damien Triegaardt', '/bookingsystem/web/browse.php', '2019-02-19 16:58:06'),
(1368, 'Damien Triegaardt', '/bookingsystem/web/browse.php', '2019-02-19 16:58:12'),
(1369, 'Damien Triegaardt', '/bookingsystem/web/browse.php', '2019-02-19 16:58:16'),
(1370, 'Damien Triegaardt', '/bookingsystem/web/browse.php', '2019-02-19 16:58:20'),
(1371, 'Damien Triegaardt', '/bookingsystem/web/browse.php', '2019-02-19 16:58:29'),
(1372, 'Damien Triegaardt', '/bookingsystem/web/browse.php', '2019-02-19 16:58:40'),
(1373, 'Damien Triegaardt', '/bookingsystem/web/browse.php', '2019-02-19 16:59:11'),
(1374, 'Damien Triegaardt', '/bookingsystem/web/browse.php', '2019-02-19 16:59:13'),
(1375, 'Damien Triegaardt', '/bookingsystem/web/basket_add.php', '2019-02-19 16:59:15'),
(1376, 'Damien Triegaardt', '/bookingsystem/web/index.php', '2019-02-19 16:59:21'),
(1377, 'Damien Triegaardt', '/bookingsystem/web/api.php', '2019-02-19 16:59:21'),
(1378, 'Damien Triegaardt', '/bookingsystem/web/api.php', '2019-02-19 16:59:21'),
(1379, 'Damien Triegaardt', '/bookingsystem/web/basket_add.php', '2019-02-19 16:59:25'),
(1380, 'Damien Triegaardt', '/bookingsystem/web/browse.php', '2019-02-19 17:01:31'),
(1381, 'Damien Triegaardt', '/bookingsystem/web/basket_add.php', '2019-02-19 17:03:05'),
(1382, 'Damien Triegaardt', '/bookingsystem/web/browse.php', '2019-02-19 17:03:09'),
(1383, 'Damien Triegaardt', '/bookingsystem/web/browse.php', '2019-02-19 17:03:13'),
(1384, 'Damien Triegaardt', '/bookingsystem/web/basket_add.php', '2019-02-19 17:03:16'),
(1385, 'Damien Triegaardt', '/bookingsystem/web/basket_add.php', '2019-02-19 17:03:24'),
(1386, 'Damien Triegaardt', '/bookingsystem/web/browse.php', '2019-02-19 17:03:24'),
(1387, 'Damien Triegaardt', '/bookingsystem/web/basket.php', '2019-02-19 17:03:26'),
(1388, 'Damien Triegaardt', '/bookingsystem/web/browse.php', '2019-02-19 17:03:36'),
(1389, 'Damien Triegaardt', '/bookingsystem/web/basket_add.php', '2019-02-19 17:03:37'),
(1390, 'Damien Triegaardt', '/bookingsystem/web/browse.php', '2019-02-19 17:04:09'),
(1391, 'Damien Triegaardt', '/bookingsystem/web/browse.php', '2019-02-19 17:08:57'),
(1392, '', '/BookingSystem/web/browse.php', '2019-02-19 17:11:57'),
(1393, '', '/BookingSystem/web/services.php', '2019-02-19 17:12:00'),
(1394, '', '/BookingSystem/web/index.php', '2019-02-19 17:12:03'),
(1395, '', '/BookingSystem/web/api.php', '2019-02-19 17:12:04'),
(1396, '', '/BookingSystem/web/api.php', '2019-02-19 17:12:04'),
(1397, 'Damien Triegaardt', '/bookingsystem/web/browse.php', '2019-02-19 17:14:52'),
(1398, 'Damien Triegaardt', '/bookingsystem/web/browse.php', '2019-02-19 17:15:01'),
(1399, 'Damien Triegaardt', '/bookingsystem/web/browse.php', '2019-02-19 17:15:13'),
(1400, 'Damien Triegaardt', '/bookingsystem/web/browse.php', '2019-02-19 17:15:23'),
(1401, 'Damien Triegaardt', '/bookingsystem/web/browse.php', '2019-02-19 17:15:30'),
(1402, '', '/BookingSystem/web/index.php', '2019-02-19 17:25:03'),
(1403, '', '/BookingSystem/web/api.php', '2019-02-19 17:25:03'),
(1404, '', '/BookingSystem/web/api.php', '2019-02-19 17:25:04'),
(1405, '', '/BookingSystem/web/services.php', '2019-02-19 17:25:04'),
(1406, '', '/BookingSystem/web/services.php', '2019-02-19 17:25:26'),
(1407, '', '/BookingSystem/web/services.php', '2019-02-19 17:25:42'),
(1408, '', '/BookingSystem/web/index.php', '2019-02-19 17:28:49'),
(1409, '', '/BookingSystem/web/api.php', '2019-02-19 17:28:50'),
(1410, '', '/BookingSystem/web/api.php', '2019-02-19 17:28:50'),
(1411, '', '/BookingSystem/web/whyus.php', '2019-02-19 17:29:10'),
(1412, 'Damien Triegaardt', '/bookingsystem/web/browse.php', '2019-02-19 17:29:11'),
(1413, 'Damien Triegaardt', '/bookingsystem/web/browse.php', '2019-02-19 17:29:42'),
(1414, '', '/BookingSystem/web/whyus.php', '2019-02-19 17:30:27'),
(1415, 'Damien Triegaardt', '/bookingsystem/web/browse.php', '2019-02-19 17:31:53'),
(1416, 'Damien Triegaardt', '/bookingsystem/web/browse.php', '2019-02-19 17:35:14'),
(1417, 'Damien Triegaardt', '/bookingsystem/web/browse.php', '2019-02-19 17:35:21'),
(1418, 'Damien Triegaardt', '/bookingsystem/web/browse.php', '2019-02-19 17:36:33'),
(1419, 'Matteo Cannas', '/BookingSystem/web/browse.php', '2019-02-19 17:39:43'),
(1420, 'Matteo Cannas', '/BookingSystem/web/services.php', '2019-02-19 17:39:47'),
(1421, 'Matteo Cannas', '/BookingSystem/web/services.php', '2019-02-19 17:42:31'),
(1422, 'Matteo Cannas', '/BookingSystem/web/services.php', '2019-02-19 17:42:44'),
(1423, 'Matteo Cannas', '/BookingSystem/web/contact.php', '2019-02-19 17:43:10'),
(1424, 'Damien Triegaardt', '/bookingsystem/web/browse.php', '2019-02-19 17:56:21'),
(1425, '', '/k1736700/BookingSystem/web/index.php', '2019-02-19 19:07:12'),
(1426, '', '/k1736700/BookingSystem/web/api.php', '2019-02-19 19:07:13'),
(1427, '', '/k1736700/BookingSystem/web/api.php', '2019-02-19 19:07:13'),
(1428, '', '/k1736700/BookingSystem/web/index.php', '2019-02-19 19:07:30'),
(1429, '', '/k1736700/BookingSystem/web/api.php', '2019-02-19 19:07:31'),
(1430, '', '/k1736700/BookingSystem/web/api.php', '2019-02-19 19:07:31'),
(1431, '', '/k1736700/BookingSystem/web/browse.php', '2019-02-19 19:07:50'),
(1432, '', '/k1736700/BookingSystem/web/index.php', '2019-02-19 19:13:57'),
(1433, '', '/k1736700/BookingSystem/web/api.php', '2019-02-19 19:13:57'),
(1434, '', '/k1736700/BookingSystem/web/api.php', '2019-02-19 19:13:57'),
(1435, '', '/k1736700/BookingSystem/web/browse.php', '2019-02-19 19:19:25'),
(1436, '', '/k1736700/BookingSystem/web/index.php', '2019-02-19 19:19:27'),
(1437, '', '/k1736700/BookingSystem/web/api.php', '2019-02-19 19:19:27'),
(1438, '', '/k1736700/BookingSystem/web/api.php', '2019-02-19 19:19:27'),
(1439, '', '/k1736700/BookingSystem/web/index.php', '2019-02-19 19:30:50'),
(1440, '', '/k1736700/BookingSystem/web/api.php', '2019-02-19 19:30:50'),
(1441, '', '/k1736700/BookingSystem/web/api.php', '2019-02-19 19:30:50'),
(1442, '', '/k1736700/BookingSystem/web/admin/index.php', '2019-02-19 19:31:46'),
(1443, '', '/k1736700/BookingSystem/web/index.php', '2019-02-19 19:31:49'),
(1444, 'Lucas Lawes', '/k1736700/BookingSystem/web/index.php', '2019-02-19 19:32:21'),
(1445, 'Lucas Lawes', '/k1736700/BookingSystem/web/api.php', '2019-02-19 19:32:22'),
(1446, 'Lucas Lawes', '/k1736700/BookingSystem/web/api.php', '2019-02-19 19:32:22'),
(1447, 'Lucas Lawes', '/k1736700/BookingSystem/web/admin/index.php', '2019-02-19 19:32:27'),
(1448, 'Lucas Lawes', '/k1736700/BookingSystem/web/api.php', '2019-02-19 19:32:27'),
(1449, 'Lucas Lawes', '/k1736700/BookingSystem/web/admin/customers.php', '2019-02-19 19:32:29'),
(1450, 'Lucas Lawes', '/k1736700/BookingSystem/web/admin/promotions.php', '2019-02-19 19:32:36'),
(1451, 'Lucas Lawes', '/k1736700/BookingSystem/web/admin/promotions_edit.php', '2019-02-19 19:33:37'),
(1452, 'Lucas Lawes', '/k1736700/BookingSystem/web/admin/promotions_edit.php', '2019-02-19 19:34:22'),
(1453, 'Lucas Lawes', '/k1736700/BookingSystem/web/admin/promotions.php', '2019-02-19 19:34:22'),
(1454, 'Lucas Lawes', '/k1736700/BookingSystem/web/index.php', '2019-02-19 19:34:27'),
(1455, 'Lucas Lawes', '/k1736700/BookingSystem/web/api.php', '2019-02-19 19:34:27'),
(1456, 'Lucas Lawes', '/k1736700/BookingSystem/web/api.php', '2019-02-19 19:34:27'),
(1457, 'Lucas Lawes', '/k1736700/BookingSystem/web/admin/promotions_edit.php', '2019-02-19 19:35:18'),
(1458, 'Lucas Lawes', '/k1736700/BookingSystem/web/admin/promotions_edit.php', '2019-02-19 19:35:22'),
(1459, 'Lucas Lawes', '/k1736700/BookingSystem/web/admin/promotions.php', '2019-02-19 19:35:22'),
(1460, 'Lucas Lawes', '/k1736700/BookingSystem/web/admin/promotions_edit.php', '2019-02-19 19:35:33'),
(1461, 'Lucas Lawes', '/k1736700/BookingSystem/web/admin/promotions_edit.php', '2019-02-19 19:37:24'),
(1462, 'Lucas Lawes', '/k1736700/BookingSystem/web/admin/promotions.php', '2019-02-19 19:37:24'),
(1463, 'Lucas Lawes', '/k1736700/BookingSystem/web/index.php', '2019-02-19 19:37:30'),
(1464, 'Lucas Lawes', '/k1736700/BookingSystem/web/api.php', '2019-02-19 19:37:30'),
(1465, 'Lucas Lawes', '/k1736700/BookingSystem/web/api.php', '2019-02-19 19:37:30'),
(1466, 'Lucas Lawes', '/k1736700/BookingSystem/web/admin/promotions_edit.php', '2019-02-19 19:37:50'),
(1467, 'Lucas Lawes', '/k1736700/BookingSystem/web/admin/promotions_edit.php', '2019-02-19 19:37:57'),
(1468, 'Lucas Lawes', '/k1736700/BookingSystem/web/admin/promotions.php', '2019-02-19 19:37:57'),
(1469, 'Lucas Lawes', '/k1736700/BookingSystem/web/admin/promotions_edit.php', '2019-02-19 19:38:05'),
(1470, 'Lucas Lawes', '/k1736700/BookingSystem/web/admin/promotions_edit.php', '2019-02-19 19:39:29'),
(1471, 'Lucas Lawes', '/k1736700/BookingSystem/web/admin/promotions.php', '2019-02-19 19:39:29'),
(1472, 'Lucas Lawes', '/k1736700/BookingSystem/web/index.php', '2019-02-19 19:39:34'),
(1473, 'Lucas Lawes', '/k1736700/BookingSystem/web/api.php', '2019-02-19 19:39:34'),
(1474, 'Lucas Lawes', '/k1736700/BookingSystem/web/api.php', '2019-02-19 19:39:34'),
(1475, 'Lucas Lawes', '/k1736700/BookingSystem/web/admin/promotions_edit.php', '2019-02-19 19:40:28'),
(1476, 'Lucas Lawes', '/k1736700/BookingSystem/web/admin/promotions_edit.php', '2019-02-19 19:40:33'),
(1477, 'Lucas Lawes', '/k1736700/BookingSystem/web/admin/promotions.php', '2019-02-19 19:40:33'),
(1478, 'Lucas Lawes', '/k1736700/BookingSystem/web/admin/promotions_edit.php', '2019-02-19 19:40:45'),
(1479, 'Lucas Lawes', '/k1736700/BookingSystem/web/admin/promotions_edit.php', '2019-02-19 19:40:48'),
(1480, 'Lucas Lawes', '/k1736700/BookingSystem/web/admin/promotions.php', '2019-02-19 19:40:48'),
(1481, 'Lucas Lawes', '/k1736700/BookingSystem/web/index.php', '2019-02-19 19:40:59'),
(1482, 'Lucas Lawes', '/k1736700/BookingSystem/web/api.php', '2019-02-19 19:40:59'),
(1483, 'Lucas Lawes', '/k1736700/BookingSystem/web/api.php', '2019-02-19 19:40:59'),
(1484, '', '/k1736700/BookingSystem/web/index.php', '2019-02-20 16:14:19'),
(1485, '', '/k1736700/BookingSystem/web/api.php', '2019-02-20 16:14:19'),
(1486, '', '/k1736700/BookingSystem/web/api.php', '2019-02-20 16:14:19'),
(1487, '', '/k1736700/BookingSystem/web/basket_add.php', '2019-02-20 16:15:42'),
(1488, '', '/k1736700/BookingSystem/web/basket_add.php', '2019-02-20 16:16:39'),
(1489, '', '/k1736700/BookingSystem/web/basket_add.php', '2019-02-20 16:16:47'),
(1490, '', '/k1736700/BookingSystem/web/index.php', '2019-02-20 16:16:47'),
(1491, '', '/k1736700/BookingSystem/web/api.php', '2019-02-20 16:16:47'),
(1492, '', '/k1736700/BookingSystem/web/api.php', '2019-02-20 16:16:47'),
(1493, '', '/k1736700/BookingSystem/web/basket.php', '2019-02-20 16:16:50'),
(1494, '', '/k1736700/BookingSystem/web/signin.php', '2019-02-20 16:16:52'),
(1495, 'Lucas Lawes', '/k1736700/BookingSystem/web/signin.php', '2019-02-20 16:16:56'),
(1496, 'Lucas Lawes', '/k1736700/BookingSystem/web/checkout.php', '2019-02-20 16:16:56'),
(1497, 'Lucas Lawes', '/k1736700/BookingSystem/web/checkout.php', '2019-02-20 16:24:17'),
(1498, 'Lucas Lawes', '/k1736700/BookingSystem/web/bookings.php', '2019-02-20 16:24:26'),
(1499, 'Lucas Lawes', '/k1736700/BookingSystem/web/bookings.php', '2019-02-20 16:25:30'),
(1500, 'Lucas Lawes', '/k1736700/BookingSystem/web/browse.php', '2019-02-20 16:25:33'),
(1501, 'Lucas Lawes', '/k1736700/BookingSystem/web/services.php', '2019-02-20 16:25:35'),
(1502, 'Lucas Lawes', '/k1736700/BookingSystem/web/browse.php', '2019-02-20 16:25:44'),
(1503, 'Lucas Lawes', '/k1736700/BookingSystem/web/index.php', '2019-02-20 16:25:47'),
(1504, 'Lucas Lawes', '/k1736700/BookingSystem/web/api.php', '2019-02-20 16:25:47'),
(1505, 'Lucas Lawes', '/k1736700/BookingSystem/web/api.php', '2019-02-20 16:25:47'),
(1506, 'Lucas Lawes', '/k1736700/BookingSystem/web/basket_add.php', '2019-02-20 16:26:35'),
(1507, 'Lucas Lawes', '/k1736700/BookingSystem/web/basket_add.php', '2019-02-20 16:26:48'),
(1508, 'Lucas Lawes', '/k1736700/BookingSystem/web/index.php', '2019-02-20 16:26:48'),
(1509, 'Lucas Lawes', '/k1736700/BookingSystem/web/api.php', '2019-02-20 16:26:48'),
(1510, 'Lucas Lawes', '/k1736700/BookingSystem/web/api.php', '2019-02-20 16:26:48'),
(1511, 'Lucas Lawes', '/k1736700/BookingSystem/web/basket.php', '2019-02-20 16:26:53'),
(1512, 'Lucas Lawes', '/k1736700/BookingSystem/web/checkout.php', '2019-02-20 16:27:41'),
(1513, 'Lucas Lawes', '/k1736700/BookingSystem/web/index.php', '2019-02-20 16:28:39'),
(1514, 'Lucas Lawes', '/k1736700/BookingSystem/web/api.php', '2019-02-20 16:28:39'),
(1515, 'Lucas Lawes', '/k1736700/BookingSystem/web/api.php', '2019-02-20 16:28:39'),
(1516, 'Lucas Lawes', '/k1736700/BookingSystem/web/basket_add.php', '2019-02-20 16:28:41'),
(1517, 'Lucas Lawes', '/k1736700/BookingSystem/web/basket_add.php', '2019-02-20 16:28:47'),
(1518, 'Lucas Lawes', '/k1736700/BookingSystem/web/index.php', '2019-02-20 16:28:47'),
(1519, 'Lucas Lawes', '/k1736700/BookingSystem/web/api.php', '2019-02-20 16:28:48'),
(1520, 'Lucas Lawes', '/k1736700/BookingSystem/web/api.php', '2019-02-20 16:28:48'),
(1521, 'Lucas Lawes', '/k1736700/BookingSystem/web/basket.php', '2019-02-20 16:28:49'),
(1522, 'Lucas Lawes', '/k1736700/BookingSystem/web/index.php', '2019-02-20 16:29:01'),
(1523, 'Lucas Lawes', '/k1736700/BookingSystem/web/api.php', '2019-02-20 16:29:02'),
(1524, 'Lucas Lawes', '/k1736700/BookingSystem/web/api.php', '2019-02-20 16:29:02'),
(1525, 'Lucas Lawes', '/k1736700/BookingSystem/web/basket_add.php', '2019-02-20 16:29:04'),
(1526, 'Lucas Lawes', '/k1736700/BookingSystem/web/basket_add.php', '2019-02-20 16:29:11'),
(1527, 'Lucas Lawes', '/k1736700/BookingSystem/web/index.php', '2019-02-20 16:29:11'),
(1528, 'Lucas Lawes', '/k1736700/BookingSystem/web/api.php', '2019-02-20 16:29:11'),
(1529, 'Lucas Lawes', '/k1736700/BookingSystem/web/api.php', '2019-02-20 16:29:11'),
(1530, 'Lucas Lawes', '/k1736700/BookingSystem/web/basket.php', '2019-02-20 16:29:13'),
(1531, 'Lucas Lawes', '/k1736700/BookingSystem/web/index.php', '2019-02-20 16:30:54'),
(1532, 'Lucas Lawes', '/k1736700/BookingSystem/web/api.php', '2019-02-20 16:30:54'),
(1533, 'Lucas Lawes', '/k1736700/BookingSystem/web/api.php', '2019-02-20 16:30:54'),
(1534, 'Lucas Lawes', '/k1736700/BookingSystem/web/basket_add.php', '2019-02-20 16:30:55'),
(1535, 'Lucas Lawes', '/k1736700/BookingSystem/web/basket_add.php', '2019-02-20 16:31:04'),
(1536, 'Lucas Lawes', '/k1736700/BookingSystem/web/index.php', '2019-02-20 16:31:05'),
(1537, 'Lucas Lawes', '/k1736700/BookingSystem/web/api.php', '2019-02-20 16:31:05'),
(1538, 'Lucas Lawes', '/k1736700/BookingSystem/web/api.php', '2019-02-20 16:31:05'),
(1539, 'Lucas Lawes', '/k1736700/BookingSystem/web/basket.php', '2019-02-20 16:31:10'),
(1540, 'Lucas Lawes', '/k1736700/BookingSystem/web/index.php', '2019-02-20 16:31:54'),
(1541, 'Lucas Lawes', '/k1736700/BookingSystem/web/basket_add.php', '2019-02-20 16:31:55'),
(1542, 'Lucas Lawes', '/k1736700/BookingSystem/web/basket_add.php', '2019-02-20 16:32:03'),
(1543, 'Lucas Lawes', '/k1736700/BookingSystem/web/index.php', '2019-02-20 16:32:03'),
(1544, 'Lucas Lawes', '/k1736700/BookingSystem/web/api.php', '2019-02-20 16:32:03'),
(1545, 'Lucas Lawes', '/k1736700/BookingSystem/web/api.php', '2019-02-20 16:32:03'),
(1546, 'Lucas Lawes', '/k1736700/BookingSystem/web/basket.php', '2019-02-20 16:32:05'),
(1547, 'Lucas Lawes', '/k1736700/BookingSystem/web/basket.php', '2019-02-20 16:32:46'),
(1548, 'Lucas Lawes', '/k1736700/BookingSystem/web/basket.php', '2019-02-20 16:32:48'),
(1549, 'Lucas Lawes', '/k1736700/BookingSystem/web/basket.php', '2019-02-20 16:32:48'),
(1550, 'Lucas Lawes', '/k1736700/BookingSystem/web/basket.php', '2019-02-20 16:32:49'),
(1551, 'Lucas Lawes', '/k1736700/BookingSystem/web/basket.php', '2019-02-20 16:33:01'),
(1552, 'Lucas Lawes', '/k1736700/BookingSystem/web/basket.php', '2019-02-20 16:33:03'),
(1553, 'Lucas Lawes', '/k1736700/BookingSystem/web/basket.php', '2019-02-20 16:33:12'),
(1554, '', '/k1736700/BookingSystem/web/index.php', '2019-02-20 16:35:57'),
(1555, '', '/k1736700/BookingSystem/web/api.php', '2019-02-20 16:35:58'),
(1556, '', '/k1736700/BookingSystem/web/api.php', '2019-02-20 16:35:58'),
(1557, '', '/k1736700/BookingSystem/web/services.php', '2019-02-20 16:36:16'),
(1558, '', '/k1736700/BookingSystem/web/basket.php', '2019-02-20 16:36:38'),
(1559, '', '/k1736700/BookingSystem/web/browse.php', '2019-02-20 16:36:42'),
(1560, 'Lucas Lawes', '/k1736700/BookingSystem/web/basket.php', '2019-02-20 16:48:41'),
(1561, 'Lucas Lawes', '/k1736700/BookingSystem/web/basket.php', '2019-02-20 17:01:21'),
(1562, 'Lucas Lawes', '/k1736700/BookingSystem/web/basket.php', '2019-02-20 17:01:23'),
(1563, 'Lucas Lawes', '/k1736700/BookingSystem/web/basket.php', '2019-02-20 17:01:38'),
(1564, 'Lucas Lawes', '/k1736700/BookingSystem/web/basket.php', '2019-02-20 17:01:40'),
(1565, 'Lucas Lawes', '/k1736700/BookingSystem/web/basket.php', '2019-02-20 17:01:41'),
(1566, 'Lucas Lawes', '/k1736700/BookingSystem/web/basket.php', '2019-02-20 17:01:47'),
(1567, 'Lucas Lawes', '/k1736700/BookingSystem/web/basket.php', '2019-02-20 17:01:48'),
(1568, 'Lucas Lawes', '/k1736700/BookingSystem/web/basket.php', '2019-02-20 17:01:53'),
(1569, 'Lucas Lawes', '/k1736700/BookingSystem/web/services.php', '2019-02-20 17:02:17'),
(1570, 'Lucas Lawes', '/k1736700/BookingSystem/web/browse.php', '2019-02-20 17:02:19'),
(1571, 'Lucas Lawes', '/k1736700/BookingSystem/web/bookings.php', '2019-02-20 17:03:01'),
(1572, 'Lucas Lawes', '/k1736700/BookingSystem/web/basket.php', '2019-02-20 17:04:03'),
(1573, 'Lucas Lawes', '/k1736700/BookingSystem/web/basket.php', '2019-02-20 17:04:07'),
(1574, 'Lucas Lawes', '/k1736700/BookingSystem/web/index.php', '2019-02-20 18:05:11'),
(1575, 'Lucas Lawes', '/k1736700/BookingSystem/web/api.php', '2019-02-20 18:05:12'),
(1576, 'Lucas Lawes', '/k1736700/BookingSystem/web/api.php', '2019-02-20 18:05:12'),
(1577, 'Lucas Lawes', '/k1736700/BookingSystem/web/index.php', '2019-02-20 18:05:15'),
(1578, 'Lucas Lawes', '/k1736700/BookingSystem/web/api.php', '2019-02-20 18:05:16'),
(1579, 'Lucas Lawes', '/k1736700/BookingSystem/web/api.php', '2019-02-20 18:05:16'),
(1580, 'Lucas Lawes', '/k1736700/BookingSystem/web/index.php', '2019-02-20 18:05:17'),
(1581, 'Lucas Lawes', '/k1736700/BookingSystem/web/api.php', '2019-02-20 18:05:18'),
(1582, 'Lucas Lawes', '/k1736700/BookingSystem/web/api.php', '2019-02-20 18:05:18'),
(1583, 'Lucas Lawes', '/k1736700/BookingSystem/web/index.php', '2019-02-20 18:05:19'),
(1584, 'Lucas Lawes', '/k1736700/BookingSystem/web/api.php', '2019-02-20 18:05:20'),
(1585, 'Lucas Lawes', '/k1736700/BookingSystem/web/api.php', '2019-02-20 18:05:20'),
(1586, 'Lucas Lawes', '/k1736700/BookingSystem/web/index.php', '2019-02-20 18:05:36'),
(1587, 'Lucas Lawes', '/k1736700/BookingSystem/web/api.php', '2019-02-20 18:05:36'),
(1588, 'Lucas Lawes', '/k1736700/BookingSystem/web/api.php', '2019-02-20 18:05:36'),
(1589, 'Lucas Lawes', '/k1736700/BookingSystem/web/basket.php', '2019-02-20 18:06:04'),
(1590, 'Lucas Lawes', '/k1736700/BookingSystem/web/checkout.php', '2019-02-20 18:06:07'),
(1591, 'Lucas Lawes', '/k1736700/BookingSystem/web/browse.php', '2019-02-20 18:06:12'),
(1592, 'Lucas Lawes', '/k1736700/BookingSystem/web/basket.php', '2019-02-20 18:06:14'),
(1593, 'Lucas Lawes', '/k1736700/BookingSystem/web/bookings.php', '2019-02-20 18:06:16'),
(1594, 'Lucas Lawes', '/k1736700/BookingSystem/web/bookings.php', '2019-02-20 18:06:18'),
(1595, '', '/k1728913/BerwynBusesLTD/BookingSystem/web/index.php', '2019-02-20 18:52:14'),
(1596, '', '/k1728913/BerwynBusesLTD/BookingSystem/web/api.php', '2019-02-20 18:52:15'),
(1597, '', '/k1728913/BerwynBusesLTD/BookingSystem/web/api.php', '2019-02-20 18:52:15'),
(1598, '', '/k1728913/BerwynBusesLTD/BookingSystem/web/services.php', '2019-02-20 18:52:29'),
(1599, '', '/k1728913/BerwynBusesLTD/BookingSystem/web/index.php', '2019-02-20 18:53:20'),
(1600, '', '/k1728913/BerwynBusesLTD/BookingSystem/web/api.php', '2019-02-20 18:53:21'),
(1601, '', '/k1728913/BerwynBusesLTD/BookingSystem/web/api.php', '2019-02-20 18:53:21'),
(1602, '', '/k1728913/BerwynBusesLTD/BookingSystem/web/basket_add.php', '2019-02-20 18:54:08'),
(1603, '', '/~k1736700/BookingSystem/web/index.php', '2019-02-20 18:54:22'),
(1604, '', '/~k1736700/BookingSystem/web/api.php', '2019-02-20 18:54:23'),
(1605, '', '/~k1736700/BookingSystem/web/api.php', '2019-02-20 18:54:23'),
(1606, '', '/~k1736700/BookingSystem/web/browse.php', '2019-02-20 18:54:24'),
(1607, '', '/~k1736700/BookingSystem/web/services.php', '2019-02-20 18:54:25'),
(1608, '', '/~k1736700/BookingSystem/web/browse.php', '2019-02-20 18:54:26'),
(1609, '', '/~k1736700/BookingSystem/web/services.php', '2019-02-20 18:54:27'),
(1610, '', '/~k1736700/BookingSystem/web/browse.php', '2019-02-20 18:54:32'),
(1611, '', '/~k1736700/BookingSystem/web/index.php', '2019-02-20 18:54:33'),
(1612, '', '/~k1736700/BookingSystem/web/api.php', '2019-02-20 18:54:34'),
(1613, '', '/~k1736700/BookingSystem/web/api.php', '2019-02-20 18:54:34'),
(1614, '', '/~k1736700/BookingSystem/web/browse.php', '2019-02-20 18:54:34'),
(1615, '', '/~k1736700/BookingSystem/web/index.php', '2019-02-20 18:54:35'),
(1616, '', '/~k1736700/BookingSystem/web/api.php', '2019-02-20 18:54:35'),
(1617, '', '/~k1736700/BookingSystem/web/api.php', '2019-02-20 18:54:35'),
(1618, '', '/k1728913/BerwynBusesLTD/BookingSystem/web/basket_add.php', '2019-02-20 18:54:47'),
(1619, '', '/~k1736700/BookingSystem/web/browse.php', '2019-02-20 18:55:30'),
(1620, '', '/k1728913/BerwynBusesLTD/BookingSystem/web/basket_add.php', '2019-02-20 18:56:00'),
(1621, '', '/k1728913/BerwynBusesLTD/BookingSystem/web/index.php', '2019-02-20 18:56:00'),
(1622, '', '/k1728913/BerwynBusesLTD/BookingSystem/web/api.php', '2019-02-20 18:56:01'),
(1623, '', '/k1728913/BerwynBusesLTD/BookingSystem/web/api.php', '2019-02-20 18:56:01'),
(1624, '', '/k1728913/BerwynBusesLTD/BookingSystem/web/basket.php', '2019-02-20 18:56:05'),
(1625, '', '/~k1736700/BookingSystem/web/index.php', '2019-02-20 18:56:21'),
(1626, '', '/~k1736700/BookingSystem/web/browse.php', '2019-02-20 18:56:22'),
(1627, '', '/~k1736700/BookingSystem/web/index.php', '2019-02-20 18:56:30'),
(1628, '', '/~k1736700/BookingSystem/web/api.php', '2019-02-20 18:56:31'),
(1629, '', '/~k1736700/BookingSystem/web/api.php', '2019-02-20 18:56:31'),
(1630, '', '/~k1736700/BookingSystem/web/admin/index.php', '2019-02-20 18:56:34'),
(1631, '', '/~k1736700/BookingSystem/web/index.php', '2019-02-20 18:56:53'),
(1632, '', '/~k1736700/BookingSystem/web/api.php', '2019-02-20 18:56:53'),
(1633, '', '/~k1736700/BookingSystem/web/api.php', '2019-02-20 18:56:53'),
(1634, '', '/~k1736700/BookingSystem/web/basket.php', '2019-02-20 18:57:13'),
(1635, '', '/~k1736700/BookingSystem/web/services.php', '2019-02-20 18:57:18'),
(1636, '', '/~k1736700/BookingSystem/web/browse.php', '2019-02-20 18:57:19'),
(1637, '', '/~k1736700/BookingSystem/web/services.php', '2019-02-20 18:57:20'),
(1638, '', '/~k1736700/BookingSystem/web/browse.php', '2019-02-20 18:57:44'),
(1639, '', '/~k1736700/BookingSystem/web/services.php', '2019-02-20 18:57:44'),
(1640, '', '/~k1736700/BookingSystem/web/browse.php', '2019-02-20 18:57:46'),
(1641, '', '/~k1736700/BookingSystem/web/services.php', '2019-02-20 18:57:47'),
(1642, '', '/~k1736700/BookingSystem/web/browse.php', '2019-02-20 18:57:47'),
(1643, '', '/k1728913/BerwynBusesLTD/BookingSystem/web/basket.php', '2019-02-20 18:58:47'),
(1644, '', '/k1728913/BerwynBusesLTD/BookingSystem/web/basket.php', '2019-02-20 18:59:08'),
(1645, '', '/k1728913/BerwynBusesLTD/BookingSystem/web/browse.php', '2019-02-20 18:59:17'),
(1646, '', '/k1728913/BerwynBusesLTD/BookingSystem/web/basket.php', '2019-02-20 19:11:58'),
(1647, '', '/k1728913/BerwynBusesLTD/BookingSystem/web/basket.php', '2019-02-20 19:13:44'),
(1648, '', '/k1728913/BerwynBusesLTD/BookingSystem/web/basket.php', '2019-02-20 19:14:06'),
(1649, '', '/k1728913/BerwynBusesLTD/BookingSystem/web/basket.php', '2019-02-20 19:14:21'),
(1650, '', '/k1728913/BerwynBusesLTD/BookingSystem/web/basket.php', '2019-02-20 19:14:27'),
(1651, '', '/k1728913/BerwynBusesLTD/BookingSystem/web/index.php', '2019-02-20 19:14:29'),
(1652, '', '/k1728913/BerwynBusesLTD/BookingSystem/web/api.php', '2019-02-20 19:14:29'),
(1653, '', '/k1728913/BerwynBusesLTD/BookingSystem/web/api.php', '2019-02-20 19:14:29'),
(1654, '', '/k1728913/BerwynBusesLTD/BookingSystem/web/browse.php', '2019-02-20 19:14:39'),
(1655, '', '/k1728913/BerwynBusesLTD/BookingSystem/web/services.php', '2019-02-20 19:15:24'),
(1656, '', '/k1728913/BerwynBusesLTD/BookingSystem/web/basket.php', '2019-02-20 19:15:45'),
(1657, '', '/k1728913/BerwynBusesLTD/BookingSystem/web/index.php', '2019-02-20 19:15:47'),
(1658, '', '/k1728913/BerwynBusesLTD/BookingSystem/web/api.php', '2019-02-20 19:15:48'),
(1659, '', '/k1728913/BerwynBusesLTD/BookingSystem/web/api.php', '2019-02-20 19:15:48'),
(1660, '', '/k1736700/BookingSystem/web/index.php', '2019-02-20 19:42:57'),
(1661, '', '/k1736700/BookingSystem/web/api.php', '2019-02-20 19:42:59'),
(1662, '', '/k1736700/BookingSystem/web/api.php', '2019-02-20 19:42:59'),
(1663, '', '/k1713303/BookingSystem/web/index.php', '2019-02-20 19:44:24'),
(1664, '', '/k1713303/BookingSystem/web/api.php', '2019-02-20 19:44:25'),
(1665, '', '/k1713303/BookingSystem/web/api.php', '2019-02-20 19:44:25'),
(1666, '', '/k1713303/BookingSystem/web/index.php', '2019-02-20 19:47:04'),
(1667, '', '/k1713303/BookingSystem/web/api.php', '2019-02-20 19:47:05'),
(1668, '', '/k1713303/BookingSystem/web/api.php', '2019-02-20 19:47:05'),
(1669, '', '/k1713303/BookingSystem/web/services.php', '2019-02-20 19:47:16'),
(1670, '', '/k1713303/BookingSystem/web/services.php', '2019-02-20 20:14:20'),
(1671, '', '/k1713303/BookingSystem/web/services.php', '2019-02-20 20:37:12'),
(1672, '', '/k1736700/BookingSystem/web/services.php', '2019-02-20 20:40:10'),
(1673, '', '/k1736700/BookingSystem/web/browse.php', '2019-02-20 20:40:28'),
(1674, '', '/k1736700/BookingSystem/web/services.php', '2019-02-20 20:40:30'),
(1675, '', '/k1736700/BookingSystem/web/browse.php', '2019-02-20 20:40:31'),
(1676, '', '/k1736700/BookingSystem/web/services.php', '2019-02-20 20:40:32'),
(1677, '', '/k1736700/BookingSystem/web/browse.php', '2019-02-20 20:40:32'),
(1678, '', '/k1736700/BookingSystem/web/services.php', '2019-02-20 20:40:33'),
(1679, '', '/k1736700/BookingSystem/web/browse.php', '2019-02-20 20:40:34'),
(1680, '', '/k1736700/BookingSystem/web/services.php', '2019-02-20 20:40:37'),
(1681, '', '/k1713303/BookingSystem/web/index.php', '2019-02-20 20:59:10'),
(1682, '', '/k1713303/BookingSystem/web/api.php', '2019-02-20 20:59:10'),
(1683, '', '/k1713303/BookingSystem/web/api.php', '2019-02-20 20:59:10'),
(1684, '', '/k1713303/BookingSystem/web/index.php', '2019-02-20 21:02:25'),
(1685, '', '/k1713303/BookingSystem/web/api.php', '2019-02-20 21:02:26'),
(1686, '', '/k1713303/BookingSystem/web/api.php', '2019-02-20 21:02:26'),
(1687, '', '/k1736700/BookingSystem/web/services.php', '2019-02-20 21:10:57'),
(1688, '', '/k1736700/BookingSystem/web/browse.php', '2019-02-20 21:11:00'),
(1689, '', '/k1736700/BookingSystem/web/index.php', '2019-02-20 21:11:50'),
(1690, '', '/k1736700/BookingSystem/web/api.php', '2019-02-20 21:11:50'),
(1691, '', '/k1736700/BookingSystem/web/api.php', '2019-02-20 21:11:50'),
(1692, '', '/k1736700/BookingSystem/web/services.php', '2019-02-20 21:12:34'),
(1693, '', '/k1713303/BookingSystem/web/index.php', '2019-02-20 21:13:46'),
(1694, '', '/k1713303/BookingSystem/web/api.php', '2019-02-20 21:13:47'),
(1695, '', '/k1713303/BookingSystem/web/api.php', '2019-02-20 21:13:47'),
(1696, '', '/k1713303/BookingSystem/web/services.php', '2019-02-20 21:13:50'),
(1697, '', '/k1728913/BerwynBusesLTD/BookingSystem/web/browse.php', '2019-02-20 22:37:02'),
(1698, '', '/k1736700/BookingSystem/web/browse.php', '2019-02-20 23:03:39'),
(1699, '', '/k1736700/BookingSystem/web/services.php', '2019-02-20 23:03:40'),
(1700, '', '/k1736700/BookingSystem/web/browse.php', '2019-02-20 23:03:45'),
(1701, '', '/k1736700/BookingSystem/web/browse.php', '2019-02-20 23:04:24'),
(1702, '', '/k1736700/BookingSystem/web/basket_add.php', '2019-02-20 23:04:38'),
(1703, '', '/k1736700/BookingSystem/web/basket_add.php', '2019-02-20 23:04:47'),
(1704, '', '/k1736700/BookingSystem/web/basket_add.php', '2019-02-20 23:04:59'),
(1705, '', '/k1736700/BookingSystem/web/browse.php', '2019-02-20 23:04:59'),
(1706, '', '/k1736700/BookingSystem/web/basket.php', '2019-02-20 23:05:03'),
(1707, '', '/k1736700/BookingSystem/web/signin.php', '2019-02-20 23:05:04'),
(1708, 'Lucas Lawes', '/k1736700/BookingSystem/web/signin.php', '2019-02-20 23:05:13'),
(1709, 'Lucas Lawes', '/k1736700/BookingSystem/web/checkout.php', '2019-02-20 23:05:13'),
(1710, 'Lucas Lawes', '/k1736700/BookingSystem/web/bookings.php', '2019-02-20 23:05:26'),
(1711, 'Lucas Lawes', '/k1736700/BookingSystem/web/bookings.php', '2019-02-20 23:05:35'),
(1712, 'Lucas Lawes', '/k1736700/BookingSystem/web/index.php', '2019-02-20 23:05:39'),
(1713, 'Lucas Lawes', '/k1736700/BookingSystem/web/api.php', '2019-02-20 23:05:39'),
(1714, 'Lucas Lawes', '/k1736700/BookingSystem/web/api.php', '2019-02-20 23:05:39'),
(1715, 'Lucas Lawes', '/k1736700/BookingSystem/web/index.php', '2019-02-20 23:06:32'),
(1716, 'Lucas Lawes', '/k1736700/BookingSystem/web/api.php', '2019-02-20 23:06:32'),
(1717, 'Lucas Lawes', '/k1736700/BookingSystem/web/api.php', '2019-02-20 23:06:32'),
(1718, 'Lucas Lawes', '/k1736700/BookingSystem/web/index.php', '2019-02-20 23:06:33'),
(1719, 'Lucas Lawes', '/k1736700/BookingSystem/web/api.php', '2019-02-20 23:06:33'),
(1720, 'Lucas Lawes', '/k1736700/BookingSystem/web/api.php', '2019-02-20 23:06:33'),
(1721, 'Lucas Lawes', '/k1736700/BookingSystem/web/index.php', '2019-02-20 23:06:34'),
(1722, 'Lucas Lawes', '/k1736700/BookingSystem/web/api.php', '2019-02-20 23:06:34'),
(1723, 'Lucas Lawes', '/k1736700/BookingSystem/web/api.php', '2019-02-20 23:06:34'),
(1724, 'Lucas Lawes', '/k1736700/BookingSystem/web/index.php', '2019-02-20 23:06:35'),
(1725, 'Lucas Lawes', '/k1736700/BookingSystem/web/api.php', '2019-02-20 23:06:35'),
(1726, 'Lucas Lawes', '/k1736700/BookingSystem/web/api.php', '2019-02-20 23:06:35'),
(1727, 'Lucas Lawes', '/k1736700/BookingSystem/web/index.php', '2019-02-20 23:06:37'),
(1728, 'Lucas Lawes', '/k1736700/BookingSystem/web/api.php', '2019-02-20 23:06:38'),
(1729, 'Lucas Lawes', '/k1736700/BookingSystem/web/api.php', '2019-02-20 23:06:38'),
(1730, 'Lucas Lawes', '/k1736700/BookingSystem/web/index.php', '2019-02-20 23:06:44'),
(1731, 'Lucas Lawes', '/k1736700/BookingSystem/web/api.php', '2019-02-20 23:06:44'),
(1732, 'Lucas Lawes', '/k1736700/BookingSystem/web/api.php', '2019-02-20 23:06:44'),
(1733, 'Lucas Lawes', '/k1736700/BookingSystem/web/index.php', '2019-02-20 23:06:47'),
(1734, 'Lucas Lawes', '/k1736700/BookingSystem/web/api.php', '2019-02-20 23:06:47'),
(1735, 'Lucas Lawes', '/k1736700/BookingSystem/web/api.php', '2019-02-20 23:06:47'),
(1736, 'Lucas Lawes', '/k1736700/BookingSystem/web/index.php', '2019-02-20 23:06:48'),
(1737, 'Lucas Lawes', '/k1736700/BookingSystem/web/api.php', '2019-02-20 23:06:48'),
(1738, 'Lucas Lawes', '/k1736700/BookingSystem/web/api.php', '2019-02-20 23:06:48'),
(1739, 'Lucas Lawes', '/k1736700/BookingSystem/web/index.php', '2019-02-20 23:06:49'),
(1740, 'Lucas Lawes', '/k1736700/BookingSystem/web/api.php', '2019-02-20 23:06:50'),
(1741, 'Lucas Lawes', '/k1736700/BookingSystem/web/api.php', '2019-02-20 23:06:50'),
(1742, 'Lucas Lawes', '/k1736700/BookingSystem/web/index.php', '2019-02-20 23:06:52'),
(1743, 'Lucas Lawes', '/k1736700/BookingSystem/web/api.php', '2019-02-20 23:06:53'),
(1744, 'Lucas Lawes', '/k1736700/BookingSystem/web/api.php', '2019-02-20 23:06:53'),
(1745, 'Lucas Lawes', '/k1736700/BookingSystem/web/index.php', '2019-02-20 23:08:40'),
(1746, 'Lucas Lawes', '/k1736700/BookingSystem/web/api.php', '2019-02-20 23:08:40'),
(1747, 'Lucas Lawes', '/k1736700/BookingSystem/web/api.php', '2019-02-20 23:08:40'),
(1748, 'Lucas Lawes', '/k1736700/BookingSystem/web/index.php', '2019-02-20 23:08:41'),
(1749, 'Lucas Lawes', '/k1736700/BookingSystem/web/api.php', '2019-02-20 23:08:41'),
(1750, 'Lucas Lawes', '/k1736700/BookingSystem/web/api.php', '2019-02-20 23:08:41'),
(1751, 'Lucas Lawes', '/k1736700/BookingSystem/web/admin/index.php', '2019-02-20 23:08:50'),
(1752, 'Lucas Lawes', '/k1736700/BookingSystem/web/api.php', '2019-02-20 23:08:50'),
(1753, 'Lucas Lawes', '/k1736700/BookingSystem/web/admin/index.php', '2019-02-20 23:08:55'),
(1754, 'Lucas Lawes', '/k1736700/BookingSystem/web/api.php', '2019-02-20 23:08:55'),
(1755, 'Lucas Lawes', '/k1736700/BookingSystem/web/index.php', '2019-02-20 23:09:07'),
(1756, 'Lucas Lawes', '/k1736700/BookingSystem/web/api.php', '2019-02-20 23:09:07'),
(1757, 'Lucas Lawes', '/k1736700/BookingSystem/web/api.php', '2019-02-20 23:09:07'),
(1758, 'Lucas Lawes', '/k1736700/BookingSystem/web/basket_add.php', '2019-02-20 23:09:48'),
(1759, 'Lucas Lawes', '/k1736700/BookingSystem/web/basket_add.php', '2019-02-20 23:10:29'),
(1760, 'Lucas Lawes', '/k1736700/BookingSystem/web/index.php', '2019-02-20 23:10:29'),
(1761, 'Lucas Lawes', '/k1736700/BookingSystem/web/api.php', '2019-02-20 23:10:29'),
(1762, 'Lucas Lawes', '/k1736700/BookingSystem/web/api.php', '2019-02-20 23:10:29'),
(1763, 'Lucas Lawes', '/k1736700/BookingSystem/web/basket.php', '2019-02-20 23:10:34'),
(1764, 'Lucas Lawes', '/k1736700/BookingSystem/web/checkout.php', '2019-02-20 23:10:36'),
(1765, 'Lucas Lawes', '/k1736700/BookingSystem/web/bookings.php', '2019-02-20 23:10:43'),
(1766, 'Lucas Lawes', '/k1736700/BookingSystem/web/bookings.php', '2019-02-20 23:50:58'),
(1767, 'Lucas Lawes', '/k1736700/BookingSystem/web/bookings.php', '2019-02-20 23:51:00'),
(1768, 'Lucas Lawes', '/k1736700/BookingSystem/web/bookings.php', '2019-02-20 23:51:01'),
(1769, 'Lucas Lawes', '/k1736700/BookingSystem/web/index.php', '2019-02-20 23:51:03'),
(1770, 'Lucas Lawes', '/k1736700/BookingSystem/web/api.php', '2019-02-20 23:51:03'),
(1771, 'Lucas Lawes', '/k1736700/BookingSystem/web/api.php', '2019-02-20 23:51:03'),
(1772, 'Lucas Lawes', '/k1736700/BookingSystem/web/index.php', '2019-02-20 23:51:05'),
(1773, 'Lucas Lawes', '/k1736700/BookingSystem/web/api.php', '2019-02-20 23:51:05'),
(1774, 'Lucas Lawes', '/k1736700/BookingSystem/web/api.php', '2019-02-20 23:51:05'),
(1775, 'Lucas Lawes', '/k1736700/BookingSystem/web/index.php', '2019-02-20 23:51:11'),
(1776, 'Lucas Lawes', '/k1736700/BookingSystem/web/index.php', '2019-02-20 23:52:02'),
(1777, 'Lucas Lawes', '/k1736700/BookingSystem/web/api.php', '2019-02-20 23:52:02'),
(1778, 'Lucas Lawes', '/k1736700/BookingSystem/web/api.php', '2019-02-20 23:52:02'),
(1779, 'Lucas Lawes', '/k1736700/BookingSystem/web/index.php', '2019-02-20 23:53:20'),
(1780, 'Lucas Lawes', '/k1736700/BookingSystem/web/api.php', '2019-02-20 23:53:20'),
(1781, 'Lucas Lawes', '/k1736700/BookingSystem/web/api.php', '2019-02-20 23:53:20'),
(1782, 'Lucas Lawes', '/k1736700/BookingSystem/web/index.php', '2019-02-20 23:53:21'),
(1783, 'Lucas Lawes', '/k1736700/BookingSystem/web/api.php', '2019-02-20 23:53:21'),
(1784, 'Lucas Lawes', '/k1736700/BookingSystem/web/api.php', '2019-02-20 23:53:21'),
(1785, 'Lucas Lawes', '/k1736700/BookingSystem/web/index.php', '2019-02-20 23:53:22'),
(1786, 'Lucas Lawes', '/k1736700/BookingSystem/web/api.php', '2019-02-20 23:53:23'),
(1787, 'Lucas Lawes', '/k1736700/BookingSystem/web/api.php', '2019-02-20 23:53:23'),
(1788, 'Lucas Lawes', '/k1736700/BookingSystem/web/index.php', '2019-02-20 23:53:24'),
(1789, 'Lucas Lawes', '/k1736700/BookingSystem/web/api.php', '2019-02-20 23:53:24'),
(1790, 'Lucas Lawes', '/k1736700/BookingSystem/web/api.php', '2019-02-20 23:53:24'),
(1791, 'Lucas Lawes', '/k1736700/BookingSystem/web/index.php', '2019-02-20 23:53:25'),
(1792, 'Lucas Lawes', '/k1736700/BookingSystem/web/api.php', '2019-02-20 23:53:26'),
(1793, 'Lucas Lawes', '/k1736700/BookingSystem/web/api.php', '2019-02-20 23:53:26'),
(1794, 'Lucas Lawes', '/k1736700/BookingSystem/web/index.php', '2019-02-20 23:53:27'),
(1795, 'Lucas Lawes', '/k1736700/BookingSystem/web/api.php', '2019-02-20 23:53:27'),
(1796, 'Lucas Lawes', '/k1736700/BookingSystem/web/api.php', '2019-02-20 23:53:27'),
(1797, 'Lucas Lawes', '/k1736700/BookingSystem/web/index.php', '2019-02-20 23:53:44'),
(1798, 'Lucas Lawes', '/k1736700/BookingSystem/web/api.php', '2019-02-20 23:53:44'),
(1799, 'Lucas Lawes', '/k1736700/BookingSystem/web/api.php', '2019-02-20 23:53:44'),
(1800, 'Lucas Lawes', '/k1736700/BookingSystem/web/admin/index.php', '2019-02-21 00:05:42'),
(1801, 'Lucas Lawes', '/k1736700/BookingSystem/web/api.php', '2019-02-21 00:05:42'),
(1802, 'Lucas Lawes', '/k1736700/BookingSystem/web/admin/index.php', '2019-02-21 00:05:57'),
(1803, 'Lucas Lawes', '/k1736700/BookingSystem/web/api.php', '2019-02-21 00:05:57'),
(1804, 'Lucas Lawes', '/k1736700/BookingSystem/web/admin/customers.php', '2019-02-21 00:09:57'),
(1805, 'Lucas Lawes', '/k1736700/BookingSystem/web/admin/promotions.php', '2019-02-21 00:10:26'),
(1806, 'Lucas Lawes', '/k1736700/BookingSystem/web/admin/vehicles.php', '2019-02-21 00:10:29'),
(1807, 'Lucas Lawes', '/k1736700/BookingSystem/web/admin/vehicles_add.php', '2019-02-21 00:10:36'),
(1808, 'Lucas Lawes', '/k1736700/BookingSystem/web/admin/vehicles_add.php', '2019-02-21 00:10:48'),
(1809, 'Lucas Lawes', '/k1736700/BookingSystem/web/admin/vehicles.php', '2019-02-21 00:10:49'),
(1810, 'Lucas Lawes', '/k1736700/BookingSystem/web/admin/vehicles.php', '2019-02-21 00:10:56'),
(1811, 'Lucas Lawes', '/k1736700/BookingSystem/web/admin/promotions.php', '2019-02-21 00:11:02'),
(1812, 'Lucas Lawes', '/k1736700/BookingSystem/web/admin/customers.php', '2019-02-21 00:11:04'),
(1813, 'Lucas Lawes', '/k1736700/BookingSystem/web/admin/index.php', '2019-02-21 00:11:07'),
(1814, 'Lucas Lawes', '/k1736700/BookingSystem/web/api.php', '2019-02-21 00:11:07'),
(1815, 'Lucas Lawes', '/k1736700/BookingSystem/web/index.php', '2019-02-21 00:11:11'),
(1816, 'Lucas Lawes', '/k1736700/BookingSystem/web/api.php', '2019-02-21 00:11:11'),
(1817, 'Lucas Lawes', '/k1736700/BookingSystem/web/api.php', '2019-02-21 00:11:11'),
(1818, 'Lucas Lawes', '/k1736700/BookingSystem/web/browse.php', '2019-02-21 00:15:59'),
(1819, 'Lucas Lawes', '/k1736700/BookingSystem/web/admin/index.php', '2019-02-21 00:31:21'),
(1820, 'Lucas Lawes', '/k1736700/BookingSystem/web/api.php', '2019-02-21 00:31:22'),
(1821, 'Lucas Lawes', '/k1736700/BookingSystem/web/admin/index.php', '2019-02-21 00:31:32'),
(1822, 'Lucas Lawes', '/k1736700/BookingSystem/web/api.php', '2019-02-21 00:31:33'),
(1823, 'Lucas Lawes', '/k1736700/BookingSystem/web/admin/index.php', '2019-02-21 00:31:50'),
(1824, '', '/k1736700/BookingSystem/web/index.php', '2019-02-21 00:58:37'),
(1825, '', '/k1736700/BookingSystem/web/api.php', '2019-02-21 00:58:39'),
(1826, '', '/k1736700/BookingSystem/web/api.php', '2019-02-21 00:58:39'),
(1827, '', '/k1736700/BookingSystem/web/browse.php', '2019-02-21 00:59:20'),
(1828, '', '/k1736700/BookingSystem/web/basket_add.php', '2019-02-21 00:59:32'),
(1829, '', '/k1736700/BookingSystem/web/basket_add.php', '2019-02-21 00:59:47'),
(1830, '', '/k1736700/BookingSystem/web/browse.php', '2019-02-21 00:59:47'),
(1831, '', '/k1736700/BookingSystem/web/basket.php', '2019-02-21 00:59:55'),
(1832, '', '/k1736700/BookingSystem/web/signin.php', '2019-02-21 01:00:09'),
(1833, 'Lucas Lawes', '/k1736700/BookingSystem/web/signin.php', '2019-02-21 01:00:17'),
(1834, 'Lucas Lawes', '/k1736700/BookingSystem/web/checkout.php', '2019-02-21 01:00:17'),
(1835, 'Lucas Lawes', '/k1736700/BookingSystem/web/bookings.php', '2019-02-21 01:00:57'),
(1836, 'Lucas Lawes', '/k1736700/BookingSystem/web/bookings.php', '2019-02-21 01:01:14'),
(1837, 'Lucas Lawes', '/k1736700/BookingSystem/web/bookings.php', '2019-02-21 01:01:26'),
(1838, 'Lucas Lawes', '/k1736700/BookingSystem/web/index.php', '2019-02-21 01:01:34'),
(1839, 'Lucas Lawes', '/k1736700/BookingSystem/web/api.php', '2019-02-21 01:01:35'),
(1840, 'Lucas Lawes', '/k1736700/BookingSystem/web/api.php', '2019-02-21 01:01:35'),
(1841, 'Lucas Lawes', '/k1736700/BookingSystem/web/basket_add.php', '2019-02-21 01:01:42'),
(1842, 'Lucas Lawes', '/k1736700/BookingSystem/web/basket_add.php', '2019-02-21 01:02:04'),
(1843, 'Lucas Lawes', '/k1736700/BookingSystem/web/index.php', '2019-02-21 01:02:04'),
(1844, 'Lucas Lawes', '/k1736700/BookingSystem/web/api.php', '2019-02-21 01:02:04'),
(1845, 'Lucas Lawes', '/k1736700/BookingSystem/web/api.php', '2019-02-21 01:02:04'),
(1846, 'Lucas Lawes', '/k1736700/BookingSystem/web/browse.php', '2019-02-21 01:02:09'),
(1847, 'Lucas Lawes', '/k1736700/BookingSystem/web/basket.php', '2019-02-21 01:02:25'),
(1848, 'Lucas Lawes', '/k1736700/BookingSystem/web/checkout.php', '2019-02-21 01:02:35'),
(1849, 'Lucas Lawes', '/k1736700/BookingSystem/web/bookings.php', '2019-02-21 01:02:42'),
(1850, 'Lucas Lawes', '/k1736700/BookingSystem/web/bookings.php', '2019-02-21 01:02:47'),
(1851, 'Lucas Lawes', '/k1736700/BookingSystem/web/index.php', '2019-02-21 01:02:54'),
(1852, 'Lucas Lawes', '/k1736700/BookingSystem/web/api.php', '2019-02-21 01:02:55'),
(1853, 'Lucas Lawes', '/k1736700/BookingSystem/web/api.php', '2019-02-21 01:02:55'),
(1854, 'Lucas Lawes', '/k1736700/BookingSystem/web/browse.php', '2019-02-21 01:03:07'),
(1855, 'Lucas Lawes', '/k1736700/BookingSystem/web/browse.php', '2019-02-21 01:03:16'),
(1856, 'Lucas Lawes', '/k1736700/BookingSystem/web/basket_add.php', '2019-02-21 01:03:30'),
(1857, 'Lucas Lawes', '/k1736700/BookingSystem/web/basket_add.php', '2019-02-21 01:03:44'),
(1858, 'Lucas Lawes', '/k1736700/BookingSystem/web/browse.php', '2019-02-21 01:03:44'),
(1859, 'Lucas Lawes', '/k1736700/BookingSystem/web/basket.php', '2019-02-21 01:03:50'),
(1860, 'Lucas Lawes', '/k1736700/BookingSystem/web/checkout.php', '2019-02-21 01:04:00'),
(1861, 'Lucas Lawes', '/k1736700/BookingSystem/web/admin/index.php', '2019-02-21 01:04:08'),
(1862, 'Lucas Lawes', '/k1736700/BookingSystem/web/api.php', '2019-02-21 01:04:08'),
(1863, 'Lucas Lawes', '/k1736700/BookingSystem/web/admin/index.php', '2019-02-21 01:04:15'),
(1864, 'Lucas Lawes', '/k1736700/BookingSystem/web/api.php', '2019-02-21 01:04:15'),
(1865, 'Lucas Lawes', '/k1736700/BookingSystem/web/index.php', '2019-02-21 01:04:31'),
(1866, 'Lucas Lawes', '/k1736700/BookingSystem/web/api.php', '2019-02-21 01:04:32'),
(1867, 'Lucas Lawes', '/k1736700/BookingSystem/web/api.php', '2019-02-21 01:04:32'),
(1868, 'Lucas Lawes', '/k1736700/BookingSystem/web/browse.php', '2019-02-21 01:04:52'),
(1869, 'Lucas Lawes', '/k1736700/BookingSystem/web/basket_add.php', '2019-02-21 01:04:57'),
(1870, 'Lucas Lawes', '/k1736700/BookingSystem/web/basket_add.php', '2019-02-21 01:05:01'),
(1871, 'Lucas Lawes', '/k1736700/BookingSystem/web/browse.php', '2019-02-21 01:05:01'),
(1872, 'Lucas Lawes', '/k1736700/BookingSystem/web/basket.php', '2019-02-21 01:05:06'),
(1873, 'Lucas Lawes', '/k1736700/BookingSystem/web/checkout.php', '2019-02-21 01:05:08'),
(1874, 'Lucas Lawes', '/k1736700/BookingSystem/web/admin/index.php', '2019-02-21 01:05:16'),
(1875, 'Lucas Lawes', '/k1736700/BookingSystem/web/api.php', '2019-02-21 01:05:17'),
(1876, 'Lucas Lawes', '/k1736700/BookingSystem/web/admin/customers.php', '2019-02-21 01:07:47'),
(1877, 'Lucas Lawes', '/k1736700/BookingSystem/web/checkout.php', '2019-02-21 01:08:08'),
(1878, 'Lucas Lawes', '/k1736700/BookingSystem/web/services.php', '2019-02-21 01:08:12'),
(1879, '', '/k1736700/BookingSystem/web/index.php', '2019-02-21 09:48:33'),
(1880, '', '/k1728913/BerwynBusesLTD/BookingSystem/web/index.php', '2019-02-21 09:49:03'),
(1881, '', '/k1728913/BerwynBusesLTD/BookingSystem/web/api.php', '2019-02-21 09:49:05'),
(1882, '', '/k1728913/BerwynBusesLTD/BookingSystem/web/api.php', '2019-02-21 09:49:05'),
(1883, '', '/k1728913/BerwynBusesLTD/BookingSystem/web/basket.php', '2019-02-21 09:50:11'),
(1884, '', '/k1728913/BerwynBusesLTD/BookingSystem/web/browse.php', '2019-02-21 09:50:23'),
(1885, '', '/k1728913/BerwynBusesLTD/BookingSystem/web/index.php', '2019-02-21 09:51:03'),
(1886, '', '/k1728913/BerwynBusesLTD/BookingSystem/web/api.php', '2019-02-21 09:51:04'),
(1887, '', '/k1728913/BerwynBusesLTD/BookingSystem/web/api.php', '2019-02-21 09:51:04'),
(1888, '', '/k1728913/BerwynBusesLTD/BookingSystem/web/basket.php', '2019-02-21 09:51:16'),
(1889, '', '/k1728913/BerwynBusesLTD/BookingSystem/web/index.php', '2019-02-21 09:51:19'),
(1890, '', '/k1728913/BerwynBusesLTD/BookingSystem/web/api.php', '2019-02-21 09:51:19'),
(1891, '', '/k1728913/BerwynBusesLTD/BookingSystem/web/api.php', '2019-02-21 09:51:19'),
(1892, '', '/k1728913/BerwynBusesLTD/BookingSystem/web/basket.php', '2019-02-21 09:54:16'),
(1893, '', '/k1728913/BerwynBusesLTD/BookingSystem/web/index.php', '2019-02-21 09:54:20'),
(1894, '', '/k1728913/BerwynBusesLTD/BookingSystem/web/api.php', '2019-02-21 09:54:21'),
(1895, '', '/k1728913/BerwynBusesLTD/BookingSystem/web/api.php', '2019-02-21 09:54:21'),
(1896, '', '/k1728913/BerwynBusesLTD/BookingSystem/web/services.php', '2019-02-21 09:54:28'),
(1897, '', '/k1728913/BerwynBusesLTD/BookingSystem/web/index.php', '2019-02-21 09:54:53'),
(1898, '', '/k1728913/BerwynBusesLTD/BookingSystem/web/api.php', '2019-02-21 09:54:53'),
(1899, '', '/k1728913/BerwynBusesLTD/BookingSystem/web/api.php', '2019-02-21 09:54:53'),
(1900, '', '/BookingSystem/web/index.php', '2019-02-21 10:28:51'),
(1901, '', '/BookingSystem/web/api.php', '2019-02-21 10:28:52'),
(1902, '', '/BookingSystem/web/api.php', '2019-02-21 10:28:52'),
(1903, '', '/BookingSystem/web/index.php', '2019-02-21 10:29:24'),
(1904, '', '/BookingSystem/web/api.php', '2019-02-21 10:29:25'),
(1905, '', '/BookingSystem/web/api.php', '2019-02-21 10:29:25'),
(1906, '', '/BookingSystem/web/browse.php', '2019-02-21 10:29:49'),
(1907, '', '/BookingSystem/web/index.php', '2019-02-21 10:29:53'),
(1908, '', '/BookingSystem/web/api.php', '2019-02-21 10:29:54'),
(1909, '', '/BookingSystem/web/api.php', '2019-02-21 10:29:54'),
(1910, '', '/BookingSystem/web/browse.php', '2019-02-21 10:30:16'),
(1911, '', '/BookingSystem/web/services.php', '2019-02-21 10:30:23'),
(1912, '', '/BookingSystem/web/whyus.php', '2019-02-21 10:30:25'),
(1913, '', '/BookingSystem/web/contact.php', '2019-02-21 10:30:27'),
(1914, '', '/BookingSystem/web/whyus.php', '2019-02-21 10:30:31'),
(1915, '', '/BookingSystem/web/services.php', '2019-02-21 10:30:33'),
(1916, '', '/BookingSystem/web/browse.php', '2019-02-21 10:30:34'),
(1917, '', '/BookingSystem/web/index.php', '2019-02-21 10:30:37'),
(1918, '', '/BookingSystem/web/api.php', '2019-02-21 10:30:37'),
(1919, '', '/BookingSystem/web/api.php', '2019-02-21 10:30:37'),
(1920, '', '/BookingSystem/web/basket.php', '2019-02-21 10:30:43'),
(1921, '', '/BookingSystem/web/browse.php', '2019-02-21 10:30:47'),
(1922, '', '/BookingSystem/web/browse.php', '2019-02-21 10:31:26'),
(1923, '', '/BookingSystem/web/index.php', '2019-02-21 10:39:57');
INSERT INTO `Log` (`id`, `fullName`, `url`, `dateAccessed`) VALUES
(1924, '', '/BookingSystem/web/api.php', '2019-02-21 10:39:57'),
(1925, '', '/BookingSystem/web/api.php', '2019-02-21 10:39:57'),
(1926, '', '/BookingSystem/web/basket_add.php', '2019-02-21 10:40:00'),
(1927, '', '/BookingSystem/web/index.php', '2019-02-21 10:40:18'),
(1928, '', '/BookingSystem/web/api.php', '2019-02-21 10:40:18'),
(1929, '', '/BookingSystem/web/api.php', '2019-02-21 10:40:18'),
(1930, '', '/k1736700/BookingSystem/web/index.php', '2019-02-21 10:44:03'),
(1931, '', '/k1736700/BookingSystem/web/api.php', '2019-02-21 10:44:04'),
(1932, '', '/k1736700/BookingSystem/web/api.php', '2019-02-21 10:44:04'),
(1933, '', '/BookingSystem/web/whyus.php', '2019-02-21 10:47:18'),
(1934, '', '/BookingSystem/web/services.php', '2019-02-21 10:47:27'),
(1935, '', '/BookingSystem/web/browse.php', '2019-02-21 10:47:30'),
(1936, '', '/BookingSystem/web/index.php', '2019-02-21 10:59:18'),
(1937, '', '/BookingSystem/web/api.php', '2019-02-21 10:59:20'),
(1938, '', '/BookingSystem/web/api.php', '2019-02-21 10:59:20'),
(1939, '', '/BookingSystem/web/services.php', '2019-02-21 10:59:27'),
(1940, '', '/BookingSystem/web/whyus.php', '2019-02-21 10:59:32'),
(1941, '', '/BookingSystem/web/contact.php', '2019-02-21 10:59:34'),
(1942, '', '/BookingSystem/web/browse.php', '2019-02-21 10:59:35'),
(1943, '', '/k1736700/BookingSystem/web/basket_add.php', '2019-02-21 10:59:53'),
(1944, '', '/k1736700/BookingSystem/web/index.php', '2019-02-21 10:59:58'),
(1945, '', '/k1736700/BookingSystem/web/api.php', '2019-02-21 10:59:59'),
(1946, '', '/k1736700/BookingSystem/web/api.php', '2019-02-21 10:59:59'),
(1947, '', '/k1736700/BookingSystem/web/basket_add.php', '2019-02-21 11:00:00'),
(1948, '', '/k1736700/BookingSystem/web/browse.php', '2019-02-21 11:00:06'),
(1949, '', '/k1736700/BookingSystem/web/browse.php', '2019-02-21 11:00:13'),
(1950, '', '/k1736700/BookingSystem/web/basket_add.php', '2019-02-21 11:00:19'),
(1951, '', '/k1736700/BookingSystem/web/basket_add.php', '2019-02-21 11:01:25'),
(1952, '', '/k1736700/BookingSystem/web/basket_add.php', '2019-02-21 11:01:33'),
(1953, '', '/k1736700/BookingSystem/web/index.php', '2019-02-21 11:01:33'),
(1954, '', '/k1736700/BookingSystem/web/api.php', '2019-02-21 11:01:34'),
(1955, '', '/k1736700/BookingSystem/web/api.php', '2019-02-21 11:01:34'),
(1956, '', '/k1736700/BookingSystem/web/index.php', '2019-02-21 11:01:37'),
(1957, '', '/k1736700/BookingSystem/web/api.php', '2019-02-21 11:01:37'),
(1958, '', '/k1736700/BookingSystem/web/api.php', '2019-02-21 11:01:37'),
(1959, '', '/k1736700/BookingSystem/web/index.php', '2019-02-21 11:01:38'),
(1960, '', '/k1736700/BookingSystem/web/api.php', '2019-02-21 11:01:39'),
(1961, '', '/k1736700/BookingSystem/web/api.php', '2019-02-21 11:01:39'),
(1962, '', '/k1736700/BookingSystem/web/index.php', '2019-02-21 11:01:40'),
(1963, '', '/k1736700/BookingSystem/web/api.php', '2019-02-21 11:01:40'),
(1964, '', '/k1736700/BookingSystem/web/api.php', '2019-02-21 11:01:40'),
(1965, '', '/k1736700/BookingSystem/web/index.php', '2019-02-21 11:01:41'),
(1966, '', '/k1736700/BookingSystem/web/api.php', '2019-02-21 11:01:42'),
(1967, '', '/k1736700/BookingSystem/web/api.php', '2019-02-21 11:01:42'),
(1968, '', '/k1736700/BookingSystem/web/index.php', '2019-02-21 11:01:44'),
(1969, '', '/k1736700/BookingSystem/web/basket.php', '2019-02-21 11:02:14'),
(1970, '', '/k1736700/BookingSystem/web/basket.php', '2019-02-21 11:02:14'),
(1971, '', '/k1736700/BookingSystem/web/basket_add.php', '2019-02-21 11:02:22'),
(1972, '', '/k1736700/BookingSystem/web/browse.php', '2019-02-21 11:02:22'),
(1973, '', '/k1736700/BookingSystem/web/basket.php', '2019-02-21 11:02:24'),
(1974, '', '/k1736700/BookingSystem/web/signin.php', '2019-02-21 11:02:31'),
(1975, 'Paul Neve', '/k1736700/BookingSystem/web/signin.php', '2019-02-21 11:02:43'),
(1976, 'Paul Neve', '/k1736700/BookingSystem/web/checkout.php', '2019-02-21 11:02:43'),
(1977, 'Paul Neve', '/k1736700/BookingSystem/web/bookings.php', '2019-02-21 11:02:59'),
(1978, 'Paul Neve', '/k1736700/BookingSystem/web/index.php', '2019-02-21 11:03:02'),
(1979, 'Paul Neve', '/k1736700/BookingSystem/web/api.php', '2019-02-21 11:03:03'),
(1980, 'Paul Neve', '/k1736700/BookingSystem/web/api.php', '2019-02-21 11:03:03'),
(1981, 'Paul Neve', '/k1736700/BookingSystem/web/basket_add.php', '2019-02-21 11:05:36'),
(1982, 'Paul Neve', '/k1736700/BookingSystem/web/browse.php', '2019-02-21 11:06:16'),
(1983, '', '/BookingSystem/web/services.php', '2019-02-21 11:07:56'),
(1984, 'Paul Neve', '/k1736700/BookingSystem/web/services.php', '2019-02-21 11:11:45'),
(1985, 'Paul Neve', '/k1736700/BookingSystem/web/browse.php', '2019-02-21 11:11:47'),
(1986, 'Paul Neve', '/k1736700/BookingSystem/web/services.php', '2019-02-21 11:11:48'),
(1987, '', '/BookingSystem/web/contact.php', '2019-02-21 11:12:00'),
(1988, '', '/BookingSystem/web/services.php', '2019-02-21 11:12:09'),
(1989, '', '/k1728913/BerwynBusesLTD/BookingSystem/web/basket.php', '2019-02-21 11:13:47'),
(1990, '', '/k1728913/BerwynBusesLTD/BookingSystem/web/index.php', '2019-02-21 11:13:50'),
(1991, '', '/k1728913/BerwynBusesLTD/BookingSystem/web/api.php', '2019-02-21 11:13:50'),
(1992, '', '/k1728913/BerwynBusesLTD/BookingSystem/web/api.php', '2019-02-21 11:13:50'),
(1993, '', '/k1713303/BookingSystem/web/index.php', '2019-02-21 11:13:55'),
(1994, '', '/k1713303/BookingSystem/web/api.php', '2019-02-21 11:13:56'),
(1995, '', '/k1713303/BookingSystem/web/api.php', '2019-02-21 11:13:56'),
(1996, '', '/k1713303/BookingSystem/web/index.php', '2019-02-21 11:14:12'),
(1997, '', '/k1713303/BookingSystem/web/api.php', '2019-02-21 11:14:13'),
(1998, '', '/k1713303/BookingSystem/web/api.php', '2019-02-21 11:14:13'),
(1999, '', '/k1713303/BookingSystem/web/index.php', '2019-02-21 11:14:14'),
(2000, '', '/k1713303/BookingSystem/web/api.php', '2019-02-21 11:14:14'),
(2001, '', '/k1713303/BookingSystem/web/api.php', '2019-02-21 11:14:14'),
(2002, 'Matteo Cannas', '/BookingSystem/web/index.php', '2019-02-21 11:15:38'),
(2003, 'Matteo Cannas', '/BookingSystem/web/api.php', '2019-02-21 11:15:40'),
(2004, 'Matteo Cannas', '/BookingSystem/web/api.php', '2019-02-21 11:15:40'),
(2005, 'Matteo Cannas', '/BookingSystem/web/contact.php', '2019-02-21 11:16:03'),
(2006, '', '/k1713303/BookingSystem/web/services.php', '2019-02-21 11:17:43'),
(2007, '', '/k0210589/myBookingSystem/web/index.php', '2019-02-21 11:17:45'),
(2008, '', '/k0210589/myBookingSystem/web/api.php', '2019-02-21 11:17:45'),
(2009, '', '/k0210589/myBookingSystem/web/api.php', '2019-02-21 11:17:46'),
(2010, '', '/k1713303/BookingSystem/web/services.php', '2019-02-21 11:18:00'),
(2011, '', '/k1713303/BookingSystem/web/services.php', '2019-02-21 11:18:07'),
(2012, '', '/k1713303/BookingSystem/web/services.php', '2019-02-21 11:18:23'),
(2013, '', '/BookingSystem/web/services.php', '2019-02-21 11:18:27'),
(2014, '', '/BookingSystem/web/services.php', '2019-02-21 11:18:34'),
(2015, '', '/BookingSystem/web/services.php', '2019-02-21 11:18:45'),
(2016, '', '/BookingSystem/web/contact.php', '2019-02-21 11:19:24'),
(2017, '', '/k1728913/BerwynBusesLTD/BookingSystem/web/index.php', '2019-02-21 11:19:35'),
(2018, '', '/k1728913/BerwynBusesLTD/BookingSystem/web/api.php', '2019-02-21 11:19:35'),
(2019, '', '/k1728913/BerwynBusesLTD/BookingSystem/web/api.php', '2019-02-21 11:19:35'),
(2020, '', '/BookingSystem/web/whyus.php', '2019-02-21 11:19:51'),
(2021, '', '/k1728913/BerwynBusesLTD/BookingSystem/web/contact.php', '2019-02-21 11:19:55'),
(2022, '', '/k1728913/BerwynBusesLTD/BookingSystem/web/contact.php', '2019-02-21 11:20:02'),
(2023, '', '/BookingSystem/web/services.php', '2019-02-21 11:20:17'),
(2024, '', '/BookingSystem/web/browse.php', '2019-02-21 11:20:19'),
(2025, '', '/BookingSystem/web/contact.php', '2019-02-21 11:20:28'),
(2026, '', '/BookingSystem/web/services.php', '2019-02-21 11:20:37'),
(2027, '', '/BookingSystem/web/services.php', '2019-02-21 11:23:54'),
(2028, '', '/BookingSystem/web/services.php', '2019-02-21 11:25:29'),
(2029, '', '/BookingSystem/web/services.php', '2019-02-21 11:25:56'),
(2030, '', '/BookingSystem/web/services.php', '2019-02-21 11:31:08'),
(2031, '', '/BookingSystem/web/services.php', '2019-02-21 11:31:21'),
(2032, '', '/BookingSystem/web/services.php', '2019-02-21 11:31:31'),
(2033, '', '/BookingSystem/web/services.php', '2019-02-21 11:31:46'),
(2034, '', '/BookingSystem/web/services.php', '2019-02-21 11:35:49'),
(2035, 'Paul Neve', '/k1736700/BookingSystem/web/services.php', '2019-02-21 11:40:04'),
(2036, '', '/k1736700/BookingSystem/web/index.php', '2019-02-21 11:40:18'),
(2037, '', '/k1736700/BookingSystem/web/api.php', '2019-02-21 11:40:19'),
(2038, '', '/k1736700/BookingSystem/web/api.php', '2019-02-21 11:40:19'),
(2039, '', '/k1736700/BookingSystem/web/browse.php', '2019-02-21 11:40:57'),
(2040, '', '/k1736700/BookingSystem/web/index.php', '2019-02-21 11:41:08'),
(2041, '', '/k1736700/BookingSystem/web/api.php', '2019-02-21 11:41:08'),
(2042, '', '/k1736700/BookingSystem/web/api.php', '2019-02-21 11:41:08'),
(2043, '', '/k1736700/BookingSystem/web/index.php', '2019-02-21 11:41:19'),
(2044, '', '/k1736700/BookingSystem/web/api.php', '2019-02-21 11:41:19'),
(2045, '', '/k1736700/BookingSystem/web/api.php', '2019-02-21 11:41:19'),
(2046, '', '/BookingSystem/web/services.php', '2019-02-21 11:44:53'),
(2047, '', '/BookingSystem/web/contact.php', '2019-02-21 11:45:36'),
(2048, '', '/k0210589/myBookingSystem/web/index.php', '2019-02-21 11:45:40'),
(2049, '', '/k0210589/myBookingSystem/web/api.php', '2019-02-21 11:45:41'),
(2050, '', '/k0210589/myBookingSystem/web/api.php', '2019-02-21 11:45:41'),
(2051, '', '/BookingSystem/web/fleet.php', '2019-02-21 11:45:42'),
(2052, '', '/BookingSystem/web/fleet.php', '2019-02-21 11:45:58'),
(2053, '', '/BookingSystem/web/services.php', '2019-02-21 11:46:17'),
(2054, '', '/BookingSystem/web/index.php', '2019-02-21 11:46:19'),
(2055, '', '/BookingSystem/web/api.php', '2019-02-21 11:46:19'),
(2056, '', '/BookingSystem/web/api.php', '2019-02-21 11:46:19'),
(2057, '', '/BookingSystem/web/services.php', '2019-02-21 11:47:09'),
(2058, '', '/k0210589/myBookingSystem/web/index.php', '2019-02-21 11:47:39'),
(2059, '', '/k0210589/myBookingSystem/web/api.php', '2019-02-21 11:47:39'),
(2060, '', '/k0210589/myBookingSystem/web/api.php', '2019-02-21 11:47:39'),
(2061, '', '/BookingSystem/web/services.php', '2019-02-21 11:47:41'),
(2062, '', '/BookingSystem/web/api.php', '2019-02-21 11:47:49'),
(2063, '', '/BookingSystem/web/api.php', '2019-02-21 11:47:49'),
(2064, '', '/BookingSystem/web/index.php', '2019-02-21 11:47:49'),
(2065, '', '/BookingSystem/web/fleet.php', '2019-02-21 11:47:55'),
(2066, '', '/BookingSystem/web/services.php', '2019-02-21 11:47:55'),
(2067, '', '/BookingSystem/web/services.php', '2019-02-21 11:48:02'),
(2068, '', '/k1736700/BookingSystem/web/browse.php', '2019-02-21 11:49:49'),
(2069, '', '/k1736700/BookingSystem/web/browse.php', '2019-02-21 11:49:51'),
(2070, '', '/k1736700/BookingSystem/web/services.php', '2019-02-21 11:49:52'),
(2071, '', '/k1736700/BookingSystem/web/browse.php', '2019-02-21 11:49:54'),
(2072, '', '/k1736700/BookingSystem/web/services.php', '2019-02-21 11:49:55'),
(2073, '', '/k1736700/BookingSystem/web/services.php', '2019-02-21 11:49:56'),
(2074, '', '/k1736700/BookingSystem/web/browse.php', '2019-02-21 11:49:59'),
(2075, '', '/k1728913/BerwynBusesLTD/BookingSystem/web/index.php', '2019-02-21 11:51:08'),
(2076, '', '/k1728913/BerwynBusesLTD/BookingSystem/web/api.php', '2019-02-21 11:51:08'),
(2077, '', '/k1728913/BerwynBusesLTD/BookingSystem/web/api.php', '2019-02-21 11:51:08'),
(2078, '', '/BookingSystem/web/fleet.php', '2019-02-21 11:51:28'),
(2079, '', '/BookingSystem/web/services.php', '2019-02-21 11:51:35'),
(2080, '', '/BookingSystem/web/fleet.php', '2019-02-21 11:51:36'),
(2081, '', '/BookingSystem/web/services.php', '2019-02-21 11:51:38'),
(2082, '', '/BookingSystem/web/fleet.php', '2019-02-21 11:51:38'),
(2083, '', '/BookingSystem/web/whyus.php', '2019-02-21 11:51:39'),
(2084, '', '/BookingSystem/web/contact.php', '2019-02-21 11:51:40'),
(2085, '', '/BookingSystem/web/fleet.php', '2019-02-21 11:51:40'),
(2086, '', '/k1736700/BookingSystem/web/browse.php', '2019-02-21 11:51:50'),
(2087, '', '/BookingSystem/web/fleet.php', '2019-02-21 11:52:14'),
(2088, '', '/BookingSystem/web/services.php', '2019-02-21 11:52:25'),
(2089, '', '/BookingSystem/web/fleet.php', '2019-02-21 11:52:26'),
(2090, '', '/BookingSystem/web/services.php', '2019-02-21 11:52:26'),
(2091, '', '/BookingSystem/web/index.php', '2019-02-21 11:52:44'),
(2092, '', '/BookingSystem/web/api.php', '2019-02-21 11:52:44'),
(2093, '', '/BookingSystem/web/api.php', '2019-02-21 11:52:44'),
(2094, '', '/BookingSystem/web/whyus.php', '2019-02-21 11:52:47'),
(2095, '', '/BookingSystem/web/browse.php', '2019-02-21 11:52:49'),
(2096, '', '/BookingSystem/web/services.php', '2019-02-21 11:52:51'),
(2097, '', '/BookingSystem/web/services.php', '2019-02-21 11:53:29'),
(2098, '', '/BookingSystem/web/whyus.php', '2019-02-21 11:53:30'),
(2099, '', '/BookingSystem/web/whyus.php', '2019-02-21 11:56:32'),
(2100, '', '/BookingSystem/web/services.php', '2019-02-21 11:56:35'),
(2101, '', '/BookingSystem/web/fleet.php', '2019-02-21 11:56:38'),
(2102, '', '/BookingSystem/web/contact.php', '2019-02-21 11:56:39'),
(2103, '', '/BookingSystem/web/whyus.php', '2019-02-21 11:56:39'),
(2104, '', '/BookingSystem/web/services.php', '2019-02-21 11:56:41'),
(2105, '', '/BookingSystem/web/whyus.php', '2019-02-21 11:56:43'),
(2106, '', '/BookingSystem/web/whyus.php', '2019-02-21 11:56:58'),
(2107, '', '/BookingSystem/web/fleet.php', '2019-02-21 11:56:59'),
(2108, '', '/BookingSystem/web/services.php', '2019-02-21 11:57:01'),
(2109, '', '/BookingSystem/web/services.php', '2019-02-21 11:57:19'),
(2110, '', '/BookingSystem/web/services.php', '2019-02-21 11:58:42'),
(2111, '', '/BookingSystem/web/services.php', '2019-02-21 11:58:51'),
(2112, '', '/BookingSystem/web/services.php', '2019-02-21 11:59:03'),
(2113, '', '/BookingSystem/web/services.php', '2019-02-21 11:59:11'),
(2114, '', '/BookingSystem/web/services.php', '2019-02-21 11:59:20'),
(2115, '', '/BookingSystem/web/services.php', '2019-02-21 11:59:28'),
(2116, '', '/BookingSystem/web/services.php', '2019-02-21 11:59:35'),
(2117, '', '/BookingSystem/web/services.php', '2019-02-21 11:59:39'),
(2118, 'Matteo Cannas', '/BookingSystem/web/contact.php', '2019-02-21 11:59:43'),
(2119, '', '/BookingSystem/web/services.php', '2019-02-21 11:59:44'),
(2120, '', '/BookingSystem/web/fleet.php', '2019-02-21 12:00:03'),
(2121, '', '/BookingSystem/web/services.php', '2019-02-21 12:00:04'),
(2122, '', '/BookingSystem/web/fleet.php', '2019-02-21 12:00:08'),
(2123, '', '/BookingSystem/web/fleet.php', '2019-02-21 12:00:42'),
(2124, '', '/BookingSystem/web/services.php', '2019-02-21 12:00:54'),
(2125, '', '/BookingSystem/web/services.php', '2019-02-21 12:01:02'),
(2126, '', '/BookingSystem/web/fleet.php', '2019-02-21 12:01:12'),
(2127, '', '/BookingSystem/web/services.php', '2019-02-21 12:01:12'),
(2128, '', '/BookingSystem/web/services.php', '2019-02-21 12:01:18'),
(2129, '', '/BookingSystem/web/services.php', '2019-02-21 12:01:36'),
(2130, '', '/BookingSystem/web/whyus.php', '2019-02-21 12:01:50'),
(2131, '', '/BookingSystem/web/browse.php', '2019-02-21 12:02:18'),
(2132, 'Matteo Cannas', '/BookingSystem/web/contact.php', '2019-02-21 12:02:48'),
(2133, 'Matteo Cannas', '/BookingSystem/web/contact.php', '2019-02-21 12:03:23'),
(2134, '', '/BookingSystem/web/services.php', '2019-02-21 12:03:29'),
(2135, '', '/BookingSystem/web/services.php', '2019-02-21 12:03:39'),
(2136, 'Matteo Cannas', '/BookingSystem/web/contact.php', '2019-02-21 12:04:07'),
(2137, 'Matteo Cannas', '/BookingSystem/web/contact.php', '2019-02-21 12:05:35'),
(2138, '', '/BookingSystem/web/services.php', '2019-02-21 12:05:53'),
(2139, '', '/BookingSystem/web/fleet.php', '2019-02-21 12:06:07'),
(2140, '', '/BookingSystem/web/services.php', '2019-02-21 12:06:24'),
(2141, '', '/BookingSystem/web/services.php', '2019-02-21 12:06:30'),
(2142, 'Matteo Cannas', '/BookingSystem/web/contact.php', '2019-02-21 12:06:52'),
(2143, '', '/BookingSystem/web/fleet.php', '2019-02-21 12:06:58'),
(2144, '', '/BookingSystem/web/services.php', '2019-02-21 12:07:18'),
(2145, '', '/BookingSystem/web/services.php', '2019-02-21 12:07:19'),
(2146, '', '/BookingSystem/web/services.php', '2019-02-21 12:07:19'),
(2147, '', '/BookingSystem/web/services.php', '2019-02-21 12:07:27'),
(2148, '', '/BookingSystem/web/services.php', '2019-02-21 12:07:33'),
(2149, '', '/BookingSystem/web/whyus.php', '2019-02-21 12:07:46'),
(2150, '', '/BookingSystem/web/whyus.php', '2019-02-21 12:08:40'),
(2151, 'Paul Neve', '/k1736700/BookingSystem/web/basket.php', '2019-02-21 12:08:42'),
(2152, '', '/BookingSystem/web/fleet.php', '2019-02-21 12:08:45'),
(2153, 'Matteo Cannas', '/BookingSystem/web/contact.php', '2019-02-21 12:08:53'),
(2154, 'Matteo Cannas', '/BookingSystem/web/signup.php', '2019-02-21 12:08:56'),
(2155, 'Matteo Cannas', '/BookingSystem/web/contact.php', '2019-02-21 12:09:01'),
(2156, '', '/BookingSystem/web/services.php', '2019-02-21 12:09:59'),
(2157, '', '/BookingSystem/web/services.php', '2019-02-21 12:10:08'),
(2158, '', '/BookingSystem/web/services.php', '2019-02-21 12:10:15'),
(2159, '', '/BookingSystem/web/services.php', '2019-02-21 12:10:25'),
(2160, '', '/BookingSystem/web/services.php', '2019-02-21 12:10:33'),
(2161, '', '/BookingSystem/web/whyus.php', '2019-02-21 12:10:41'),
(2162, '', '/BookingSystem/web/whyus.php', '2019-02-21 12:10:42'),
(2163, '', '/BookingSystem/web/whyus.php', '2019-02-21 12:11:07'),
(2164, '', '/BookingSystem/web/whyus.php', '2019-02-21 12:11:09'),
(2165, '', '/BookingSystem/web/whyus.php', '2019-02-21 12:11:14'),
(2166, '', '/BookingSystem/web/fleet.php', '2019-02-21 12:11:17'),
(2167, '', '/BookingSystem/web/contact.php', '2019-02-21 12:11:19'),
(2168, '', '/BookingSystem/web/whyus.php', '2019-02-21 12:11:20'),
(2169, '', '/BookingSystem/web/fleet.php', '2019-02-21 12:11:21'),
(2170, '', '/BookingSystem/web/services.php', '2019-02-21 12:11:22'),
(2171, '', '/BookingSystem/web/browse.php', '2019-02-21 12:11:23'),
(2172, '', '/BookingSystem/web/services.php', '2019-02-21 12:11:23'),
(2173, '', '/BookingSystem/web/fleet.php', '2019-02-21 12:11:24'),
(2174, '', '/BookingSystem/web/services.php', '2019-02-21 12:11:28'),
(2175, '', '/BookingSystem/web/services.php', '2019-02-21 12:11:30'),
(2176, '', '/BookingSystem/web/fleet.php', '2019-02-21 12:11:35'),
(2177, '', '/BookingSystem/web/fleet.php', '2019-02-21 12:11:36'),
(2178, '', '/BookingSystem/web/whyus.php', '2019-02-21 12:11:37'),
(2179, '', '/BookingSystem/web/browse.php', '2019-02-21 12:12:30'),
(2180, '', '/BookingSystem/web/fleet.php', '2019-02-21 12:15:56'),
(2181, '', '/BookingSystem/web/fleet.php', '2019-02-21 12:16:20'),
(2182, 'Matteo Cannas', '/BookingSystem/web/contact.php', '2019-02-21 12:16:29'),
(2183, '', '/BookingSystem/web/fleet.php', '2019-02-21 12:17:11'),
(2184, 'Matteo Cannas', '/BookingSystem/web/contact.php', '2019-02-21 12:18:25'),
(2185, 'Matteo Cannas', '/BookingSystem/web/contact.php', '2019-02-21 12:18:39'),
(2186, '', '/BookingSystem/web/fleet.php', '2019-02-21 12:19:00'),
(2187, '', '/BookingSystem/web/fleet.php', '2019-02-21 12:19:19'),
(2188, '', '/BookingSystem/web/fleet.php', '2019-02-21 12:21:44'),
(2189, 'Matteo Cannas', '/BookingSystem/web/admin/index.php', '2019-02-21 12:22:02'),
(2190, 'Matteo Cannas', '/BookingSystem/web/api.php', '2019-02-21 12:22:04'),
(2191, '', '/BookingSystem/web/whyus.php', '2019-02-21 12:22:19'),
(2192, '', '/BookingSystem/web/fleet.php', '2019-02-21 12:22:31'),
(2193, '', '/BookingSystem/web/services.php', '2019-02-21 12:24:34'),
(2194, '', '/BookingSystem/web/fleet.php', '2019-02-21 12:24:36'),
(2195, '', '/BookingSystem/web/whyus.php', '2019-02-21 12:24:37'),
(2196, '', '/BookingSystem/web/services.php', '2019-02-21 12:24:47'),
(2197, '', '/BookingSystem/web/contact.php', '2019-02-21 12:24:53'),
(2198, '', '/BookingSystem/web/whyus.php', '2019-02-21 12:24:53'),
(2199, '', '/BookingSystem/web/whyus.php', '2019-02-21 12:24:54'),
(2200, '', '/BookingSystem/web/whyus.php', '2019-02-21 12:25:05'),
(2201, '', '/BookingSystem/web/whyus.php', '2019-02-21 12:25:07'),
(2202, '', '/BookingSystem/web/index.php', '2019-02-21 12:25:11'),
(2203, '', '/BookingSystem/web/api.php', '2019-02-21 12:25:12'),
(2204, '', '/BookingSystem/web/api.php', '2019-02-21 12:25:12'),
(2205, '', '/BookingSystem/web/whyus.php', '2019-02-21 12:25:13'),
(2206, '', '/BookingSystem/web/services.php', '2019-02-21 12:25:16'),
(2207, '', '/BookingSystem/web/whyus.php', '2019-02-21 12:25:17'),
(2208, '', '/BookingSystem/web/whyus.php', '2019-02-21 12:25:22'),
(2209, '', '/BookingSystem/web/fleet.php', '2019-02-21 12:25:23'),
(2210, '', '/BookingSystem/web/whyus.php', '2019-02-21 12:25:25'),
(2211, '', '/BookingSystem/web/whyus.php', '2019-02-21 12:25:26'),
(2212, '', '/BookingSystem/web/contact.php', '2019-02-21 12:25:27'),
(2213, '', '/BookingSystem/web/whyus.php', '2019-02-21 12:25:31'),
(2214, '', '/BookingSystem/web/fleet.php', '2019-02-21 12:25:33'),
(2215, '', '/BookingSystem/web/whyus.php', '2019-02-21 12:25:35'),
(2216, '', '/BookingSystem/web/services.php', '2019-02-21 12:25:46'),
(2217, '', '/BookingSystem/web/services.php', '2019-02-21 12:25:50'),
(2218, '', '/k0210589/myBookingSystem/web/index.php', '2019-02-21 12:25:53'),
(2219, '', '/k0210589/myBookingSystem/web/api.php', '2019-02-21 12:25:53'),
(2220, '', '/k0210589/myBookingSystem/web/api.php', '2019-02-21 12:25:53'),
(2221, '', '/k0210589/myBookingSystem/web/whyus.php', '2019-02-21 12:25:55'),
(2222, '', '/k0210589/myBookingSystem/web/services.php', '2019-02-21 12:25:56'),
(2223, '', '/k0210589/myBookingSystem/web/browse.php', '2019-02-21 12:25:58'),
(2224, '', '/k0210589/myBookingSystem/web/index.php', '2019-02-21 12:26:03'),
(2225, '', '/k0210589/myBookingSystem/web/api.php', '2019-02-21 12:26:03'),
(2226, '', '/k0210589/myBookingSystem/web/api.php', '2019-02-21 12:26:03'),
(2227, '', '/BookingSystem/web/services.php', '2019-02-21 12:26:10'),
(2228, '', '/BookingSystem/web/whyus.php', '2019-02-21 12:26:15'),
(2229, '', '/BookingSystem/web/fleet.php', '2019-02-21 12:26:30'),
(2230, '', '/BookingSystem/web/whyus.php', '2019-02-21 12:26:32'),
(2231, '', '/BookingSystem/web/services.php', '2019-02-21 12:26:32'),
(2232, '', '/k0210589/myBookingSystem/web/api.php', '2019-02-21 12:26:34'),
(2233, '', '/k0210589/myBookingSystem/web/index.php', '2019-02-21 12:26:34'),
(2234, '', '/k0210589/myBookingSystem/web/api.php', '2019-02-21 12:26:34'),
(2235, '', '/BookingSystem/web/api.php', '2019-02-21 12:26:44'),
(2236, '', '/BookingSystem/web/index.php', '2019-02-21 12:26:44'),
(2237, '', '/BookingSystem/web/api.php', '2019-02-21 12:26:44'),
(2238, '', '/BookingSystem/web/whyus.php', '2019-02-21 12:26:46'),
(2239, '', '/BookingSystem/web/fleet.php', '2019-02-21 12:26:50'),
(2240, '', '/BookingSystem/web/whyus.php', '2019-02-21 12:26:53'),
(2241, '', '/BookingSystem/web/services.php', '2019-02-21 12:27:11'),
(2242, '', '/BookingSystem/web/fleet.php', '2019-02-21 12:27:29'),
(2243, '', '/BookingSystem/web/services.php', '2019-02-21 12:27:34'),
(2244, '', '/BookingSystem/web/services.php', '2019-02-21 12:27:43'),
(2245, '', '/BookingSystem/web/services.php', '2019-02-21 12:27:50'),
(2246, '', '/BookingSystem/web/browse.php', '2019-02-21 12:27:51'),
(2247, '', '/BookingSystem/web/whyus.php', '2019-02-21 12:28:20'),
(2248, '', '/BookingSystem/web/services.php', '2019-02-21 12:28:21'),
(2249, '', '/BookingSystem/web/whyus.php', '2019-02-21 12:28:22'),
(2250, '', '/k0210589/myBookingSystem/web/index.php', '2019-02-21 12:28:32'),
(2251, '', '/k0210589/myBookingSystem/web/api.php', '2019-02-21 12:28:32'),
(2252, '', '/k0210589/myBookingSystem/web/api.php', '2019-02-21 12:28:32'),
(2253, '', '/BookingSystem/web/api.php', '2019-02-21 12:28:37'),
(2254, '', '/BookingSystem/web/api.php', '2019-02-21 12:28:37'),
(2255, '', '/BookingSystem/web/index.php', '2019-02-21 12:28:37'),
(2256, '', '/BookingSystem/web/whyus.php', '2019-02-21 12:28:40'),
(2257, 'Matteo Cannas', '/BookingSystem/web/index.php', '2019-02-21 12:28:43'),
(2258, 'Matteo Cannas', '/BookingSystem/web/api.php', '2019-02-21 12:28:44'),
(2259, 'Matteo Cannas', '/BookingSystem/web/api.php', '2019-02-21 12:28:44'),
(2260, 'Matteo Cannas', '/BookingSystem/web/contact.php', '2019-02-21 12:28:46'),
(2261, '', '/BookingSystem/web/services.php', '2019-02-21 12:29:01'),
(2262, '', '/BookingSystem/web/whyus.php', '2019-02-21 12:29:03'),
(2263, '', '/BookingSystem/web/whyus.php', '2019-02-21 12:29:17'),
(2264, '', '/BookingSystem/web/whyus.php', '2019-02-21 12:29:24'),
(2265, '', '/BookingSystem/web/whyus.php', '2019-02-21 12:29:25'),
(2266, '', '/BookingSystem/web/whyus.php', '2019-02-21 12:29:30'),
(2267, '', '/BookingSystem/web/browse.php', '2019-02-21 12:29:31'),
(2268, '', '/BookingSystem/web/services.php', '2019-02-21 12:29:33'),
(2269, '', '/BookingSystem/web/index.php', '2019-02-21 12:29:34'),
(2270, '', '/BookingSystem/web/api.php', '2019-02-21 12:29:34'),
(2271, '', '/BookingSystem/web/api.php', '2019-02-21 12:29:34'),
(2272, '', '/BookingSystem/web/services.php', '2019-02-21 12:29:34'),
(2273, '', '/BookingSystem/web/whyus.php', '2019-02-21 12:29:36'),
(2274, '', '/BookingSystem/web/fleet.php', '2019-02-21 12:29:36'),
(2275, '', '/BookingSystem/web/services.php', '2019-02-21 12:29:38'),
(2276, '', '/BookingSystem/web/services.php', '2019-02-21 12:29:47'),
(2277, '', '/BookingSystem/web/whyus.php', '2019-02-21 12:29:51'),
(2278, '', '/BookingSystem/web/whyus.php', '2019-02-21 12:30:02'),
(2279, '', '/BookingSystem/web/fleet.php', '2019-02-21 12:30:06'),
(2280, '', '/BookingSystem/web/whyus.php', '2019-02-21 12:30:13'),
(2281, 'Matteo Cannas', '/BookingSystem/web/contact.php', '2019-02-21 12:30:21'),
(2282, '', '/BookingSystem/web/services.php', '2019-02-21 12:30:28'),
(2283, '', '/BookingSystem/web/whyus.php', '2019-02-21 12:30:30'),
(2284, '', '/BookingSystem/web/services.php', '2019-02-21 12:30:39'),
(2285, 'Matteo Cannas', '/BookingSystem/web/contact.php', '2019-02-21 12:30:48'),
(2286, '', '/BookingSystem/web/whyus.php', '2019-02-21 12:31:09'),
(2287, '', '/BookingSystem/web/services.php', '2019-02-21 12:31:13'),
(2288, '', '/BookingSystem/web/contact.php', '2019-02-21 12:31:14'),
(2289, 'Matteo Cannas', '/BookingSystem/web/contact.php', '2019-02-21 12:32:34'),
(2290, '', '/BookingSystem/web/contact.php', '2019-02-21 12:32:54'),
(2291, '', '/BookingSystem/web/contact.php', '2019-02-21 12:32:58'),
(2292, '', '/BookingSystem/web/fleet.php', '2019-02-21 12:33:22'),
(2293, '', '/BookingSystem/web/contact.php', '2019-02-21 12:33:45'),
(2294, '', '/BookingSystem/web/whyus.php', '2019-02-21 12:33:52'),
(2295, '', '/BookingSystem/web/fleet.php', '2019-02-21 12:34:54'),
(2296, '', '/BookingSystem/web/fleet.php', '2019-02-21 12:35:10'),
(2297, '', '/BookingSystem/web/whyus.php', '2019-02-21 12:35:12'),
(2298, '', '/BookingSystem/web/whyus.php', '2019-02-21 12:35:33'),
(2299, '', '/k1713303/BookingSystem/web/index.php', '2019-02-21 12:35:41'),
(2300, '', '/k1713303/BookingSystem/web/api.php', '2019-02-21 12:35:42'),
(2301, '', '/k1713303/BookingSystem/web/api.php', '2019-02-21 12:35:42'),
(2302, '', '/k1713303/BookingSystem/web/contact.php', '2019-02-21 12:35:44'),
(2303, '', '/k1713303/BookingSystem/web/contact.php', '2019-02-21 12:35:49'),
(2304, '', '/BookingSystem/web/whyus.php', '2019-02-21 12:36:18'),
(2305, '', '/BookingSystem/web/whyus.php', '2019-02-21 12:36:46'),
(2306, '', '/k1728913/BerwynBusesLTD/BookingSystem/web/basket.php', '2019-02-21 12:36:51'),
(2307, '', '/k1728913/BerwynBusesLTD/BookingSystem/web/contact.php', '2019-02-21 12:36:55'),
(2308, '', '/BookingSystem/web/browse.php', '2019-02-21 12:36:58'),
(2309, '', '/k1728913/BerwynBusesLTD/BookingSystem/web/contact.php', '2019-02-21 12:37:09'),
(2310, '', '/BookingSystem/web/whyus.php', '2019-02-21 12:37:18'),
(2311, '', '/k0210589/myBookingSystem/web/index.php', '2019-02-21 12:37:20'),
(2312, '', '/k0210589/myBookingSystem/web/api.php', '2019-02-21 12:37:20'),
(2313, '', '/k0210589/myBookingSystem/web/api.php', '2019-02-21 12:37:20'),
(2314, '', '/BookingSystem/web/whyus.php', '2019-02-21 12:37:50'),
(2315, '', '/BookingSystem/web/whyus.php', '2019-02-21 12:39:09'),
(2316, 'Matteo Cannas', '/BookingSystem/web/contact.php', '2019-02-21 12:39:24'),
(2317, '', '/BookingSystem/web/whyus.php', '2019-02-21 12:39:30'),
(2318, '', '/BookingSystem/web/whyus.php', '2019-02-21 12:39:49'),
(2319, 'Matteo Cannas', '/BookingSystem/web/contact.php', '2019-02-21 12:40:01'),
(2320, '', '/BookingSystem/web/whyus.php', '2019-02-21 12:40:18'),
(2321, '', '/BookingSystem/web/whyus.php', '2019-02-21 12:40:26'),
(2322, '', '/BookingSystem/web/whyus.php', '2019-02-21 12:40:48'),
(2323, '', '/BookingSystem/web/whyus.php', '2019-02-21 12:41:08'),
(2324, '', '/BookingSystem/web/whyus.php', '2019-02-21 12:41:14'),
(2325, '', '/k0210589/myBookingSystem/web/api.php', '2019-02-21 12:42:44'),
(2326, '', '/k0210589/myBookingSystem/web/api.php', '2019-02-21 12:42:44'),
(2327, '', '/k0210589/myBookingSystem/web/index.php', '2019-02-21 12:42:44'),
(2328, '', '/k0210589/myBookingSystem/web/fleet.php', '2019-02-21 12:42:47'),
(2329, '', '/k0210589/myBookingSystem/web/whyus.php', '2019-02-21 12:42:48'),
(2330, '', '/k0210589/myBookingSystem/web/fleet.php', '2019-02-21 12:42:51'),
(2331, 'Matteo Cannas', '/BookingSystem/web/contact.php', '2019-02-21 12:47:58'),
(2332, 'Matteo Cannas', '/BookingSystem/web/index.php', '2019-02-21 12:48:04'),
(2333, 'Matteo Cannas', '/BookingSystem/web/api.php', '2019-02-21 12:48:05'),
(2334, 'Matteo Cannas', '/BookingSystem/web/api.php', '2019-02-21 12:48:05'),
(2335, 'Matteo Cannas', '/BookingSystem/web/contact.php', '2019-02-21 12:48:07'),
(2336, 'Matteo Cannas', '/BookingSystem/web/contact.php', '2019-02-21 12:48:12'),
(2337, 'Paul Neve', '/k1736700/BookingSystem/web/index.php', '2019-02-21 12:50:01'),
(2338, 'Paul Neve', '/k1736700/BookingSystem/web/api.php', '2019-02-21 12:50:01'),
(2339, 'Paul Neve', '/k1736700/BookingSystem/web/api.php', '2019-02-21 12:50:01'),
(2340, 'Paul Neve', '/k1736700/BookingSystem/web/fleet.php', '2019-02-21 12:50:06'),
(2341, 'Paul Neve', '/k1736700/BookingSystem/web/services.php', '2019-02-21 12:50:15'),
(2342, 'Paul Neve', '/k1736700/BookingSystem/web/fleet.php', '2019-02-21 12:50:18'),
(2343, 'Paul Neve', '/k1736700/BookingSystem/web/whyus.php', '2019-02-21 12:50:20'),
(2344, 'Paul Neve', '/k1736700/BookingSystem/web/fleet.php', '2019-02-21 12:50:22'),
(2345, '', '/k1713303/BookingSystem/web/services.php', '2019-02-21 12:50:23'),
(2346, 'Paul Neve', '/k1736700/BookingSystem/web/contact.php', '2019-02-21 12:50:23'),
(2347, '', '/k1713303/BookingSystem/web/contact.php', '2019-02-21 12:50:24'),
(2348, '', '/k1713303/BookingSystem/web/browse.php', '2019-02-21 12:50:26'),
(2349, '', '/k1713303/BookingSystem/web/fleet.php', '2019-02-21 12:50:27'),
(2350, '', '/k1713303/BookingSystem/web/whyus.php', '2019-02-21 12:50:28'),
(2351, 'Paul Neve', '/k1736700/BookingSystem/web/whyus.php', '2019-02-21 12:50:29'),
(2352, '', '/k1713303/BookingSystem/web/fleet.php', '2019-02-21 12:50:29'),
(2353, 'Paul Neve', '/k1736700/BookingSystem/web/fleet.php', '2019-02-21 12:50:30'),
(2354, 'Paul Neve', '/k1736700/BookingSystem/web/services.php', '2019-02-21 12:50:31'),
(2355, 'Paul Neve', '/k1736700/BookingSystem/web/browse.php', '2019-02-21 12:50:33'),
(2356, '', '/k1713303/BookingSystem/web/index.php', '2019-02-21 12:50:37'),
(2357, '', '/k1713303/BookingSystem/web/api.php', '2019-02-21 12:50:38'),
(2358, '', '/k1713303/BookingSystem/web/api.php', '2019-02-21 12:50:38'),
(2359, 'Paul Neve', '/k1736700/BookingSystem/web/index.php', '2019-02-21 12:51:36'),
(2360, 'Paul Neve', '/k1736700/BookingSystem/web/api.php', '2019-02-21 12:51:36'),
(2361, 'Paul Neve', '/k1736700/BookingSystem/web/api.php', '2019-02-21 12:51:36'),
(2362, 'Paul Neve', '/k1736700/BookingSystem/web/index.php', '2019-02-21 12:51:45'),
(2363, 'Paul Neve', '/k1736700/BookingSystem/web/api.php', '2019-02-21 12:51:46'),
(2364, 'Paul Neve', '/k1736700/BookingSystem/web/api.php', '2019-02-21 12:51:46'),
(2365, 'Paul Neve', '/k1736700/BookingSystem/web/whyus.php', '2019-02-21 12:51:56'),
(2366, 'Paul Neve', '/k1736700/BookingSystem/web/fleet.php', '2019-02-21 12:51:58'),
(2367, 'Paul Neve', '/k1736700/BookingSystem/web/whyus.php', '2019-02-21 12:52:00'),
(2368, 'Paul Neve', '/k1736700/BookingSystem/web/fleet.php', '2019-02-21 12:52:05'),
(2369, 'Paul Neve', '/k1736700/BookingSystem/web/services.php', '2019-02-21 12:52:06'),
(2370, '', '/k1721446/BookingSystem/web/index.php', '2019-02-21 12:52:07'),
(2371, '', '/k1721446/BookingSystem/web/api.php', '2019-02-21 12:52:08'),
(2372, '', '/k1721446/BookingSystem/web/api.php', '2019-02-21 12:52:08'),
(2373, '', '/k1721446/BookingSystem/web/whyus.php', '2019-02-21 12:52:10'),
(2374, '', '/k1721446/BookingSystem/web/contact.php', '2019-02-21 12:52:13'),
(2375, '', '/k1721446/BookingSystem/web/fleet.php', '2019-02-21 12:52:14'),
(2376, '', '/k1721446/BookingSystem/web/whyus.php', '2019-02-21 12:52:15'),
(2377, '', '/k1721446/BookingSystem/web/fleet.php', '2019-02-21 12:52:16'),
(2378, '', '/k1721446/BookingSystem/web/services.php', '2019-02-21 12:52:16'),
(2379, '', '/k1721446/BookingSystem/web/contact.php', '2019-02-21 12:52:17'),
(2380, '', '/k1721446/BookingSystem/web/contact.php', '2019-02-21 12:52:31'),
(2381, '', '/BookingSystem/web/fleet.php', '2019-02-21 12:53:10'),
(2382, '', '/BookingSystem/web/services.php', '2019-02-21 12:53:12'),
(2383, '', '/k1713303/BookingSystem/web/contact.php', '2019-02-21 12:53:20'),
(2384, '', '/BookingSystem/web/contact.php', '2019-02-21 12:53:23'),
(2385, '', '/k1721446/BookingSystem/web/whyus.php', '2019-02-21 12:54:06'),
(2386, '', '/k1721446/BookingSystem/web/whyus.php', '2019-02-21 12:54:10'),
(2387, '', '/k1721446/BookingSystem/web/whyus.php', '2019-02-21 12:54:10'),
(2388, '', '/k1721446/BookingSystem/web/whyus.php', '2019-02-21 12:54:11'),
(2389, '', '/k1721446/BookingSystem/web/whyus.php', '2019-02-21 12:54:11'),
(2390, '', '/k1721446/BookingSystem/web/whyus.php', '2019-02-21 12:54:12'),
(2391, '', '/k1721446/BookingSystem/web/whyus.php', '2019-02-21 12:54:12'),
(2392, 'Paul Neve', '/k1736700/BookingSystem/web/browse.php', '2019-02-21 12:54:27'),
(2393, 'Paul Neve', '/k1736700/BookingSystem/web/contact.php', '2019-02-21 12:54:38'),
(2394, '', '/k0210589/myBookingSystem/web/contact.php', '2019-02-21 12:54:43'),
(2395, '', '/k1721446/BookingSystem/web/whyus.php', '2019-02-21 12:55:37'),
(2396, '', '/k1721446/BookingSystem/web/fleet.php', '2019-02-21 12:55:42'),
(2397, '', '/k1721446/BookingSystem/web/whyus.php', '2019-02-21 12:55:43'),
(2398, '', '/k1721446/BookingSystem/web/contact.php', '2019-02-21 12:55:43'),
(2399, '', '/k1721446/BookingSystem/web/fleet.php', '2019-02-21 12:55:44'),
(2400, '', '/k1721446/BookingSystem/web/whyus.php', '2019-02-21 12:55:50'),
(2401, 'Paul Neve', '/k1736700/BookingSystem/web/contact.php', '2019-02-21 12:56:01'),
(2402, '', '/k1721446/BookingSystem/web/services.php', '2019-02-21 12:56:23'),
(2403, '', '/k1721446/BookingSystem/web/services.php', '2019-02-21 12:56:24'),
(2404, '', '/k1721446/BookingSystem/web/whyus.php', '2019-02-21 12:56:25'),
(2405, '', '/k1721446/BookingSystem/web/contact.php', '2019-02-21 12:56:26'),
(2406, '', '/k0210589/myBookingSystem/web/contact.php', '2019-02-21 12:56:42'),
(2407, '', '/k0210589/myBookingSystem/web/contact.php', '2019-02-21 12:56:47'),
(2408, '', '/k0210589/myBookingSystem/web/contact.php', '2019-02-21 12:56:56'),
(2409, '', '/k0210589/myBookingSystem/web/contact.php', '2019-02-21 12:57:39'),
(2410, '', '/k0210589/myBookingSystem/web/contact.php', '2019-02-21 12:58:19'),
(2411, 'Matteo Cannas', '/BookingSystem/web/contact.php', '2019-02-21 12:59:13'),
(2412, 'Matteo Cannas', '/BookingSystem/web/signup.php', '2019-02-21 12:59:39'),
(2413, 'Matteo Cannas', '/BookingSystem/web/contact.php', '2019-02-21 13:02:12'),
(2414, '', '/k1721446/BookingSystem/web/whyus.php', '2019-02-21 13:02:30'),
(2415, '', '/k1721446/BookingSystem/web/fleet.php', '2019-02-21 13:02:34'),
(2416, '', '/k1721446/BookingSystem/web/services.php', '2019-02-21 13:02:35'),
(2417, '', '/k1721446/BookingSystem/web/fleet.php', '2019-02-21 13:02:36'),
(2418, '', '/k1721446/BookingSystem/web/browse.php', '2019-02-21 13:02:38'),
(2419, '', '/k1721446/BookingSystem/web/fleet.php', '2019-02-21 13:02:41'),
(2420, '', '/k1721446/BookingSystem/web/whyus.php', '2019-02-21 13:02:42'),
(2421, '', '/k1721446/BookingSystem/web/contact.php', '2019-02-21 13:02:43'),
(2422, '', '/k1721446/BookingSystem/web/fleet.php', '2019-02-21 13:02:44'),
(2423, '', '/k1721446/BookingSystem/web/services.php', '2019-02-21 13:02:44'),
(2424, '', '/k1721446/BookingSystem/web/browse.php', '2019-02-21 13:02:44'),
(2425, '', '/k1721446/BookingSystem/web/contact.php', '2019-02-21 13:02:53'),
(2426, 'Matteo Cannas', '/BookingSystem/web/contact.php', '2019-02-21 13:03:06'),
(2427, '', '/k1721446/BookingSystem/web/contact.php', '2019-02-21 13:03:14'),
(2428, '', '/BookingSystem/web/whyus.php', '2019-02-21 13:03:57'),
(2429, '', '/BookingSystem/web/contact.php', '2019-02-21 13:04:00'),
(2430, '', '/BookingSystem/web/services.php', '2019-02-21 13:04:08'),
(2431, '', '/BookingSystem/web/browse.php', '2019-02-21 13:04:10'),
(2432, '', '/BookingSystem/web/services.php', '2019-02-21 13:04:13'),
(2433, '', '/BookingSystem/web/fleet.php', '2019-02-21 13:04:14'),
(2434, 'Matteo Cannas', '/BookingSystem/web/contact.php', '2019-02-21 13:04:44'),
(2435, '', '/BookingSystem/web/whyus.php', '2019-02-21 13:04:46'),
(2436, '', '/BookingSystem/web/fleet.php', '2019-02-21 13:04:48'),
(2437, 'Matteo Cannas', '/BookingSystem/web/signin.php', '2019-02-21 13:04:52'),
(2438, '', '/k1713303/BookingSystem/web/index.php', '2019-02-21 13:06:28'),
(2439, '', '/k1713303/BookingSystem/web/api.php', '2019-02-21 13:06:29'),
(2440, '', '/k1713303/BookingSystem/web/api.php', '2019-02-21 13:06:29'),
(2441, '', '/k1713303/BookingSystem/web/basket.php', '2019-02-21 13:06:44'),
(2442, '', '/k1713303/BookingSystem/web/index.php', '2019-02-21 13:06:49'),
(2443, '', '/k1713303/BookingSystem/web/api.php', '2019-02-21 13:06:49'),
(2444, '', '/k1713303/BookingSystem/web/api.php', '2019-02-21 13:06:49'),
(2445, '', '/k1713303/BookingSystem/web/basket_add.php', '2019-02-21 13:06:51'),
(2446, '', '/k1713303/BookingSystem/web/index.php', '2019-02-21 13:07:28'),
(2447, '', '/k1713303/BookingSystem/web/api.php', '2019-02-21 13:07:28'),
(2448, '', '/k1713303/BookingSystem/web/api.php', '2019-02-21 13:07:28'),
(2449, '', '/k1713303/BookingSystem/web/contact.php', '2019-02-21 13:07:35'),
(2450, '', '/k1728913/BerwynBusesLTD/BookingSystem/web/contact.php', '2019-02-21 13:07:36'),
(2451, '', '/k1713303/BookingSystem/web/index.php', '2019-02-21 13:08:11'),
(2452, '', '/k1713303/BookingSystem/web/api.php', '2019-02-21 13:08:11'),
(2453, '', '/k1713303/BookingSystem/web/api.php', '2019-02-21 13:08:11'),
(2454, 'Matteo Cannas', '/BookingSystem/web/contact.php', '2019-02-21 13:12:12'),
(2455, '', '/k1721446/BookingSystem/web/index.php', '2019-02-21 14:03:42'),
(2456, '', '/k1721446/BookingSystem/web/api.php', '2019-02-21 14:03:43'),
(2457, '', '/k1721446/BookingSystem/web/api.php', '2019-02-21 14:03:43'),
(2458, '', '/k1721446/BookingSystem/web/contact.php', '2019-02-21 14:03:48'),
(2459, '', '/k1721446/BookingSystem/web/contact.php', '2019-02-21 14:03:55'),
(2460, '', '/k1721446/BookingSystem/web/whyus.php', '2019-02-21 14:04:01'),
(2461, '', '/k1728913/BerwynBusesLTD/BookingSystem/web/index.php', '2019-02-21 14:13:28'),
(2462, '', '/k1728913/BerwynBusesLTD/BookingSystem/web/api.php', '2019-02-21 14:13:29'),
(2463, '', '/k1728913/BerwynBusesLTD/BookingSystem/web/api.php', '2019-02-21 14:13:29'),
(2464, '', '/k1728913/BerwynBusesLTD/BookingSystem/web/contact.php', '2019-02-21 14:29:59'),
(2465, '', '/k1728913/BerwynBusesLTD/BookingSystem/web/index.php', '2019-02-21 14:30:00'),
(2466, '', '/k1728913/BerwynBusesLTD/BookingSystem/web/index.php', '2019-02-21 14:30:01'),
(2467, '', '/k1728913/BerwynBusesLTD/BookingSystem/web/basket.php', '2019-02-21 14:30:01'),
(2468, '', '/k1728913/BerwynBusesLTD/BookingSystem/web/api.php', '2019-02-21 14:30:03'),
(2469, '', '/k1728913/BerwynBusesLTD/BookingSystem/web/api.php', '2019-02-21 14:30:04'),
(2470, '', '/k1728913/BerwynBusesLTD/BookingSystem/web/api.php', '2019-02-21 14:30:04'),
(2471, '', '/k1728913/BerwynBusesLTD/BookingSystem/web/api.php', '2019-02-21 14:30:05'),
(2472, '', '/k1728913/BerwynBusesLTD/BookingSystem/web/basket.php', '2019-02-21 14:30:08'),
(2473, '', '/k1728913/BerwynBusesLTD/BookingSystem/web/contact.php', '2019-02-21 14:30:14'),
(2474, '', '/k0210589/myBookingSystem/web/index.php', '2019-02-21 14:36:15'),
(2475, '', '/k0210589/myBookingSystem/web/api.php', '2019-02-21 14:36:15'),
(2476, '', '/k0210589/myBookingSystem/web/api.php', '2019-02-21 14:36:15'),
(2477, '', '/k0210589/myBookingSystem/web/fleet.php', '2019-02-21 14:36:18'),
(2478, '', '/k0210589/myBookingSystem/web/whyus.php', '2019-02-21 14:36:27');

-- --------------------------------------------------------

--
-- Table structure for table `Promotion`
--

CREATE TABLE IF NOT EXISTS `Promotion` (
  `id` int(10) NOT NULL,
  `vehicleModelId` int(11) NOT NULL,
  `info` varchar(500) NOT NULL,
  `title` varchar(255) NOT NULL,
  `dailyRate` int(5) NOT NULL,
  `expiringDate` date NOT NULL
) ENGINE=InnoDB AUTO_INCREMENT=14 DEFAULT CHARSET=latin1;

--
-- Dumping data for table `Promotion`
--

INSERT INTO `Promotion` (`id`, `vehicleModelId`, `info`, `title`, `dailyRate`, `expiringDate`) VALUES
(1, 14, '25% off VIP Coaches until the 2nd of April! Do not miss out!', 'Arrive in Style', 124, '2019-04-02'),
(2, 4, 'Get a standard minibus at our lowest ever daily rate!', '25% Off Standard Minibus', 49, '2019-05-24'),
(3, 8, 'Our brand new 25-33 Seat Standard Coach is 25% off!', 'Travel in comfort', 90, '2019-05-31');

-- --------------------------------------------------------

--
-- Table structure for table `Vehicle`
--

CREATE TABLE IF NOT EXISTS `Vehicle` (
  `id` int(11) NOT NULL,
  `registrationNo` varchar(50) NOT NULL,
  `registrationDate` date NOT NULL,
  `vehicleModelId` int(11) NOT NULL
) ENGINE=InnoDB AUTO_INCREMENT=94 DEFAULT CHARSET=latin1;

--
-- Dumping data for table `Vehicle`
--

INSERT INTO `Vehicle` (`id`, `registrationNo`, `registrationDate`, `vehicleModelId`) VALUES
(33, 'DA63 KDA', '2018-09-09', 11),
(34, 'BK55 GCW', '2015-11-09', 6),
(35, 'JR61 CBH', '2014-06-02', 2),
(36, 'PR62 WMC', '2016-07-07', 7),
(37, 'GF65 HBA', '2017-08-14', 14),
(38, 'CZ52 JYD', '2018-03-08', 6),
(39, 'EV65 JEE', '2016-10-17', 1),
(40, 'TX55 DNH', '2015-05-01', 1),
(41, 'KW55 ZAC', '2014-10-18', 13),
(42, 'BG61 NRR', '2018-03-04', 6),
(43, 'XM66 FRE', '2017-08-23', 1),
(44, 'VH65 WMV', '2014-02-02', 11),
(45, 'VV62 WXB', '2015-09-30', 7),
(46, 'SR65 MCM', '2014-03-28', 6),
(47, 'CR56 JTN', '2016-11-27', 6),
(48, 'AX53 SZA', '2018-02-25', 9),
(49, 'XY62 RKY', '2014-07-18', 12),
(50, 'BW53 ZZW', '2017-03-01', 13),
(51, 'PJ61 JJJ', '2014-09-20', 6),
(52, 'JX52 VZA', '2014-10-18', 2),
(53, 'MA63 BVT', '2018-07-09', 9),
(54, 'SJ61 ZAP', '2016-03-11', 11),
(55, 'AN51 YCD', '2018-01-27', 6),
(56, 'CE65 SZS', '2018-01-28', 13),
(57, 'MW62 NAX', '2018-05-13', 1),
(58, 'XE52 ESP', '2015-12-14', 1),
(59, 'TN64 SZP', '2017-01-24', 9),
(60, 'PC64 PPF', '2016-10-30', 10),
(61, 'FT62 RYK', '2014-10-01', 2),
(62, 'DN65 FBP', '2014-05-04', 3),
(63, 'ME52 FHJ', '2016-10-10', 11),
(64, 'HP51 XPG', '2018-08-12', 14),
(65, 'SN61 WTN', '2018-10-21', 13),
(66, 'NP62 EPM', '2016-06-17', 9),
(67, 'PT52 ASM', '2015-12-07', 12),
(68, 'SW51 VZY', '2016-06-15', 8),
(69, 'BP54 WGR', '2015-01-08', 9),
(70, 'PZ63 CCT', '2016-01-11', 11),
(71, 'BN62 ZJN', '2015-01-07', 12),
(72, 'JT66 CHM', '2016-11-27', 12),
(73, 'AP54 ZNY', '2018-07-22', 13),
(74, 'HZ62 GDT', '2017-12-15', 6),
(75, 'MP61 WPS', '2016-10-07', 3),
(76, 'CS56 EHR', '2017-10-16', 11),
(77, 'BK66 DEE', '2014-04-20', 12),
(78, 'JM55 KJM', '2016-08-26', 6),
(79, 'CM65 XZZ', '2016-12-23', 2),
(80, 'RA62 RHZ', '2017-07-07', 7),
(81, 'DT66 AEJ', '2017-07-07', 6),
(82, 'FJ65 GPX', '2014-05-05', 5),
(83, 'BY62 GSC', '2014-06-16', 4),
(84, 'KN64 DXR', '2015-10-03', 6),
(85, 'DA63 REX', '2015-09-11', 4),
(86, 'KY52 RZW', '2017-06-13', 2),
(87, 'CA61 ZNM', '2016-06-17', 12),
(88, 'ZN56 BCT', '2018-06-09', 1),
(89, 'NY56 MGV', '2016-09-11', 1),
(90, 'PH53 FWN', '2016-01-26', 6),
(91, 'JT64 AHX', '2017-09-01', 10),
(92, 'NB56 XTX', '2016-11-17', 6);

-- --------------------------------------------------------

--
-- Table structure for table `VehicleModel`
--

CREATE TABLE IF NOT EXISTS `VehicleModel` (
  `id` int(11) NOT NULL,
  `model` varchar(255) NOT NULL,
  `minNoOfPassengers` int(4) NOT NULL,
  `maxNoOfPassengers` int(11) NOT NULL,
  `dailyRate` int(11) NOT NULL,
  `imageURL` varchar(500) NOT NULL,
  `vehicleStandardId` int(11) NOT NULL,
  `licenceCategoryId` int(11) NOT NULL
) ENGINE=InnoDB AUTO_INCREMENT=29 DEFAULT CHARSET=latin1;

--
-- Dumping data for table `VehicleModel`
--

INSERT INTO `VehicleModel` (`id`, `model`, `minNoOfPassengers`, `maxNoOfPassengers`, `dailyRate`, `imageURL`, `vehicleStandardId`, `licenceCategoryId`) VALUES
(1, 'Standard 6 Seat MPV', 1, 6, 55, '', 1, 1),
(2, 'Executive 8 Seat MPV', 1, 8, 65, '', 2, 1),
(3, '10 Seat VIP Coach', 4, 10, 65, '', 3, 1),
(4, '10-14 Seat Standard Minibus', 4, 14, 65, '', 1, 1),
(5, '15-16 Seat Standard Minibus', 8, 16, 85, '', 1, 1),
(6, '10-16 Seat Standard Coach', 4, 16, 70, '', 1, 2),
(7, '17-24 Seat Standard Coach', 10, 24, 90, '', 1, 2),
(8, '25-33 Seat Standard Coach', 10, 33, 120, '', 1, 2),
(9, '34-49 Seat Standard Coach', 20, 49, 130, '', 1, 2),
(10, '70-73 Seat Double Deck Coach', 30, 73, 150, '', 1, 2),
(11, '72 Seat Bus', 30, 72, 140, '', 1, 2),
(12, '14-16 Seat Executive Mini Coach', 6, 16, 120, '', 2, 2),
(13, '17-24 Seat Executive Mini Coach', 8, 24, 160, '', 2, 2),
(14, '34-49 Seat VIP Coach', 20, 49, 165, '', 3, 2);

-- --------------------------------------------------------

--
-- Table structure for table `VehicleStandard`
--

CREATE TABLE IF NOT EXISTS `VehicleStandard` (
  `id` int(11) NOT NULL,
  `standard` varchar(255) NOT NULL
) ENGINE=InnoDB AUTO_INCREMENT=4 DEFAULT CHARSET=latin1;

--
-- Dumping data for table `VehicleStandard`
--

INSERT INTO `VehicleStandard` (`id`, `standard`) VALUES
(1, 'Standard'),
(2, 'Executive'),
(3, 'VIP');

-- --------------------------------------------------------

--
-- Stand-in structure for view `vw_bookingitemschedule`
--
CREATE TABLE IF NOT EXISTS `vw_bookingitemschedule` (
`id` int(11)
,`bookingId` int(11)
,`placeFrom` varchar(255)
,`placeTo` varchar(255)
,`dateFrom` date
,`dateTo` date
,`dateCreated` date
,`passengerNo` int(4)
,`isSelfDriving` tinyint(1)
,`preferredDriver` varchar(50)
,`vehicleid` int(11)
,`model` varchar(255)
,`dateBooked` date
);

-- --------------------------------------------------------

--
-- Stand-in structure for view `vw_vehiclemodel`
--
CREATE TABLE IF NOT EXISTS `vw_vehiclemodel` (
`id` int(11)
,`model` varchar(255)
,`minNoOfPassengers` int(4)
,`maxNoOfPassengers` int(11)
,`dailyRate` int(11)
,`imageURL` varchar(500)
,`vehicleStandardId` int(11)
,`licenceCategoryId` int(11)
,`category` varchar(255)
,`standard` varchar(255)
);

-- --------------------------------------------------------

--
-- Stand-in structure for view `vw_vehiclemodel_count`
--
CREATE TABLE IF NOT EXISTS `vw_vehiclemodel_count` (
`model` varchar(255)
,`COUNT(v.id)` bigint(21)
);

-- --------------------------------------------------------

--
-- Structure for view `vw_bookingitemschedule`
--
DROP TABLE IF EXISTS `vw_bookingitemschedule`;

CREATE ALGORITHM=UNDEFINED DEFINER=`k1736700`@`%` SQL SECURITY DEFINER VIEW `vw_bookingitemschedule` AS select `bi`.`id` AS `id`,`bi`.`bookingId` AS `bookingId`,`bi`.`placeFrom` AS `placeFrom`,`bi`.`placeTo` AS `placeTo`,`bi`.`dateFrom` AS `dateFrom`,`bi`.`dateTo` AS `dateTo`,`bi`.`dateCreated` AS `dateCreated`,`bi`.`passengerNo` AS `passengerNo`,`bi`.`isSelfDriving` AS `isSelfDriving`,`bi`.`preferredDriver` AS `preferredDriver`,`bi`.`vehicleId` AS `vehicleid`,`vm`.`model` AS `model`,`bis`.`dateBooked` AS `dateBooked` from (((`BookingItem` `bi` join `BookingItemSchedule` `bis` on((`bi`.`id` = `bis`.`bookingItemId`))) join `Vehicle` `v` on((`bi`.`vehicleId` = `v`.`id`))) join `VehicleModel` `vm` on((`v`.`vehicleModelId` = `vm`.`id`)));

-- --------------------------------------------------------

--
-- Structure for view `vw_vehiclemodel`
--
DROP TABLE IF EXISTS `vw_vehiclemodel`;

CREATE ALGORITHM=UNDEFINED DEFINER=`k1736700`@`%` SQL SECURITY DEFINER VIEW `vw_vehiclemodel` AS select `vm`.`id` AS `id`,`vm`.`model` AS `model`,`vm`.`minNoOfPassengers` AS `minNoOfPassengers`,`vm`.`maxNoOfPassengers` AS `maxNoOfPassengers`,`vm`.`dailyRate` AS `dailyRate`,`vm`.`imageURL` AS `imageURL`,`vm`.`vehicleStandardId` AS `vehicleStandardId`,`vm`.`licenceCategoryId` AS `licenceCategoryId`,`lc`.`category` AS `category`,`vs`.`standard` AS `standard` from ((`VehicleModel` `vm` join `LicenseCategory` `lc` on((`vm`.`licenceCategoryId` = `lc`.`id`))) join `VehicleStandard` `vs` on((`vm`.`vehicleStandardId` = `vs`.`id`)));

-- --------------------------------------------------------

--
-- Structure for view `vw_vehiclemodel_count`
--
DROP TABLE IF EXISTS `vw_vehiclemodel_count`;

CREATE ALGORITHM=UNDEFINED DEFINER=`k1736700`@`%` SQL SECURITY DEFINER VIEW `vw_vehiclemodel_count` AS select `vm`.`model` AS `model`,count(`v`.`id`) AS `COUNT(v.id)` from (`Vehicle` `v` join `VehicleModel` `vm` on((`v`.`vehicleModelId` = `vm`.`id`))) group by `vm`.`model`;

--
-- Indexes for dumped tables
--

--
-- Indexes for table `Booking`
--
ALTER TABLE `Booking`
  ADD PRIMARY KEY (`id`),
  ADD KEY `customerId` (`customerId`),
  ADD KEY `bookingStatusid` (`bookingStatusid`) USING BTREE;

--
-- Indexes for table `BookingItem`
--
ALTER TABLE `BookingItem`
  ADD PRIMARY KEY (`id`),
  ADD KEY `vehicleid` (`vehicleId`),
  ADD KEY `isSelfDriving` (`isSelfDriving`),
  ADD KEY `passengerNo` (`passengerNo`),
  ADD KEY `bookingId` (`bookingId`);

--
-- Indexes for table `BookingItemSchedule`
--
ALTER TABLE `BookingItemSchedule`
  ADD PRIMARY KEY (`id`),
  ADD KEY `bookingItemId` (`bookingItemId`);

--
-- Indexes for table `BookingStatus`
--
ALTER TABLE `BookingStatus`
  ADD PRIMARY KEY (`id`);

--
-- Indexes for table `Customer`
--
ALTER TABLE `Customer`
  ADD PRIMARY KEY (`id`);

--
-- Indexes for table `CustomerAddress`
--
ALTER TABLE `CustomerAddress`
  ADD PRIMARY KEY (`id`),
  ADD KEY `customerAddressid` (`customerId`);

--
-- Indexes for table `LicenseCategory`
--
ALTER TABLE `LicenseCategory`
  ADD PRIMARY KEY (`id`);

--
-- Indexes for table `Log`
--
ALTER TABLE `Log`
  ADD PRIMARY KEY (`id`);

--
-- Indexes for table `Promotion`
--
ALTER TABLE `Promotion`
  ADD PRIMARY KEY (`id`),
  ADD KEY `vehicleModelId` (`vehicleModelId`);

--
-- Indexes for table `Vehicle`
--
ALTER TABLE `Vehicle`
  ADD PRIMARY KEY (`id`),
  ADD KEY `VehicleModelid` (`vehicleModelId`);

--
-- Indexes for table `VehicleModel`
--
ALTER TABLE `VehicleModel`
  ADD PRIMARY KEY (`id`),
  ADD KEY `vehicleStandardid` (`vehicleStandardId`),
  ADD KEY `licenceCategoryId` (`licenceCategoryId`);

--
-- Indexes for table `VehicleStandard`
--
ALTER TABLE `VehicleStandard`
  ADD PRIMARY KEY (`id`);

--
-- AUTO_INCREMENT for dumped tables
--

--
-- AUTO_INCREMENT for table `Booking`
--
ALTER TABLE `Booking`
  MODIFY `id` int(11) NOT NULL AUTO_INCREMENT,AUTO_INCREMENT=226;
--
-- AUTO_INCREMENT for table `BookingItem`
--
ALTER TABLE `BookingItem`
  MODIFY `id` int(11) NOT NULL AUTO_INCREMENT,AUTO_INCREMENT=34;
--
-- AUTO_INCREMENT for table `BookingItemSchedule`
--
ALTER TABLE `BookingItemSchedule`
  MODIFY `id` int(11) NOT NULL AUTO_INCREMENT,AUTO_INCREMENT=204;
--
-- AUTO_INCREMENT for table `BookingStatus`
--
ALTER TABLE `BookingStatus`
  MODIFY `id` int(11) NOT NULL AUTO_INCREMENT,AUTO_INCREMENT=4;
--
-- AUTO_INCREMENT for table `Customer`
--
ALTER TABLE `Customer`
  MODIFY `id` int(11) NOT NULL AUTO_INCREMENT,AUTO_INCREMENT=26;
--
-- AUTO_INCREMENT for table `CustomerAddress`
--
ALTER TABLE `CustomerAddress`
  MODIFY `id` int(11) NOT NULL AUTO_INCREMENT;
--
-- AUTO_INCREMENT for table `LicenseCategory`
--
ALTER TABLE `LicenseCategory`
  MODIFY `id` int(11) NOT NULL AUTO_INCREMENT,AUTO_INCREMENT=3;
--
-- AUTO_INCREMENT for table `Log`
--
ALTER TABLE `Log`
  MODIFY `id` int(11) NOT NULL AUTO_INCREMENT,AUTO_INCREMENT=2479;
--
-- AUTO_INCREMENT for table `Promotion`
--
ALTER TABLE `Promotion`
  MODIFY `id` int(10) NOT NULL AUTO_INCREMENT,AUTO_INCREMENT=14;
--
-- AUTO_INCREMENT for table `Vehicle`
--
ALTER TABLE `Vehicle`
  MODIFY `id` int(11) NOT NULL AUTO_INCREMENT,AUTO_INCREMENT=94;
--
-- AUTO_INCREMENT for table `VehicleModel`
--
ALTER TABLE `VehicleModel`
  MODIFY `id` int(11) NOT NULL AUTO_INCREMENT,AUTO_INCREMENT=29;
--
-- AUTO_INCREMENT for table `VehicleStandard`
--
ALTER TABLE `VehicleStandard`
  MODIFY `id` int(11) NOT NULL AUTO_INCREMENT,AUTO_INCREMENT=4;
--
-- Constraints for dumped tables
--

--
-- Constraints for table `Booking`
--
ALTER TABLE `Booking`
  ADD CONSTRAINT `Booking_ibfk_1` FOREIGN KEY (`bookingStatusid`) REFERENCES `BookingStatus` (`id`),
  ADD CONSTRAINT `Booking_ibfk_2` FOREIGN KEY (`customerId`) REFERENCES `Customer` (`id`);

--
-- Constraints for table `BookingItem`
--
ALTER TABLE `BookingItem`
  ADD CONSTRAINT `BookingItem_ibfk_1` FOREIGN KEY (`vehicleid`) REFERENCES `Vehicle` (`id`),
  ADD CONSTRAINT `BookingItem_ibfk_2` FOREIGN KEY (`bookingId`) REFERENCES `Booking` (`id`),
  ADD CONSTRAINT `BookingItem_ibfk_3` FOREIGN KEY (`vehicleId`) REFERENCES `Vehicle` (`id`);

--
-- Constraints for table `BookingItemSchedule`
--
ALTER TABLE `BookingItemSchedule`
  ADD CONSTRAINT `BookingItemSchedule_ibfk_1` FOREIGN KEY (`bookingItemId`) REFERENCES `BookingItem` (`id`);

--
-- Constraints for table `CustomerAddress`
--
ALTER TABLE `CustomerAddress`
  ADD CONSTRAINT `CustomerAddress_ibfk_1` FOREIGN KEY (`customerId`) REFERENCES `Customer` (`id`);

--
-- Constraints for table `Promotion`
--
ALTER TABLE `Promotion`
  ADD CONSTRAINT `Promotion_ibfk_1` FOREIGN KEY (`vehicleModelId`) REFERENCES `VehicleModel` (`id`);

--
-- Constraints for table `Vehicle`
--
ALTER TABLE `Vehicle`
  ADD CONSTRAINT `Vehicle_ibfk_1` FOREIGN KEY (`VehicleModelid`) REFERENCES `VehicleModel` (`id`),
  ADD CONSTRAINT `Vehicle_ibfk_2` FOREIGN KEY (`vehicleModelId`) REFERENCES `VehicleModel` (`id`);

--
-- Constraints for table `VehicleModel`
--
ALTER TABLE `VehicleModel`
  ADD CONSTRAINT `VehicleModel_ibfk_1` FOREIGN KEY (`vehicleStandardId`) REFERENCES `VehicleStandard` (`id`),
  ADD CONSTRAINT `VehicleModel_ibfk_2` FOREIGN KEY (`licenceCategoryId`) REFERENCES `LicenseCategory` (`id`);

/*!40101 SET CHARACTER_SET_CLIENT=@OLD_CHARACTER_SET_CLIENT */;
/*!40101 SET CHARACTER_SET_RESULTS=@OLD_CHARACTER_SET_RESULTS */;
/*!40101 SET COLLATION_CONNECTION=@OLD_COLLATION_CONNECTION */;
